Year,2017
January-2017,00:00:00,01:00:00,02:00:00,03:00:00,04:00:00,05:00:00,06:00:00,07:00:00,08:00:00,09:00:00,10:00:00,11:00:00,12:00:00,13:00:00,14:00:00,15:00:00,16:00:00,17:00:00,18:00:00,19:00:00,20:00:00,21:00:00,22:00:00,23:00:00
"
"
February-2017,00:00:00,01:00:00,02:00:00,03:00:00,04:00:00,05:00:00,06:00:00,07:00:00,08:00:00,09:00:00,10:00:00,11:00:00,12:00:00,13:00:00,14:00:00,15:00:00,16:00:00,17:00:00,18:00:00,19:00:00,20:00:00,21:00:00,22:00:00,23:00:00
"
"
March-2017,00:00:00,01:00:00,02:00:00,03:00:00,04:00:00,05:00:00,06:00:00,07:00:00,08:00:00,09:00:00,10:00:00,11:00:00,12:00:00,13:00:00,14:00:00,15:00:00,16:00:00,17:00:00,18:00:00,19:00:00,20:00:00,21:00:00,22:00:00,23:00:00
"
"
April-2017,00:00:00,01:00:00,02:00:00,03:00:00,04:00:00,05:00:00,06:00:00,07:00:00,08:00:00,09:00:00,10:00:00,11:00:00,12:00:00,13:00:00,14:00:00,15:00:00,16:00:00,17:00:00,18:00:00,19:00:00,20:00:00,21:00:00,22:00:00,23:00:00
"
"
May-2017,00:00:00,01:00:00,02:00:00,03:00:00,04:00:00,05:00:00,06:00:00,07:00:00,08:00:00,09:00:00,10:00:00,11:00:00,12:00:00,13:00:00,14:00:00,15:00:00,16:00:00,17:00:00,18:00:00,19:00:00,20:00:00,21:00:00,22:00:00,23:00:00
"
"
June-2017,00:00:00,01:00:00,02:00:00,03:00:00,04:00:00,05:00:00,06:00:00,07:00:00,08:00:00,09:00:00,10:00:00,11:00:00,12:00:00,13:00:00,14:00:00,15:00:00,16:00:00,17:00:00,18:00:00,19:00:00,20:00:00,21:00:00,22:00:00,23:00:00
"
"
July-2017,00:00:00,01:00:00,02:00:00,03:00:00,04:00:00,05:00:00,06:00:00,07:00:00,08:00:00,09:00:00,10:00:00,11:00:00,12:00:00,13:00:00,14:00:00,15:00:00,16:00:00,17:00:00,18:00:00,19:00:00,20:00:00,21:00:00,22:00:00,23:00:00
"
"
August-2017,00:00:00,01:00:00,02:00:00,03:00:00,04:00:00,05:00:00,06:00:00,07:00:00,08:00:00,09:00:00,10:00:00,11:00:00,12:00:00,13:00:00,14:00:00,15:00:00,16:00:00,17:00:00,18:00:00,19:00:00,20:00:00,21:00:00,22:00:00,23:00:00
"
"
September-2017,00:00:00,01:00:00,02:00:00,03:00:00,04:00:00,05:00:00,06:00:00,07:00:00,08:00:00,09:00:00,10:00:00,11:00:00,12:00:00,13:00:00,14:00:00,15:00:00,16:00:00,17:00:00,18:00:00,19:00:00,20:00:00,21:00:00,22:00:00,23:00:00
"
"
October-2017,00:00:00,01:00:00,02:00:00,03:00:00,04:00:00,05:00:00,06:00:00,07:00:00,08:00:00,09:00:00,10:00:00,11:00:00,12:00:00,13:00:00,14:00:00,15:00:00,16:00:00,17:00:00,18:00:00,19:00:00,20:00:00,21:00:00,22:00:00,23:00:00
"
"
November-2017,00:00:00,01:00:00,02:00:00,03:00:00,04:00:00,05:00:00,06:00:00,07:00:00,08:00:00,09:00:00,10:00:00,11:00:00,12:00:00,13:00:00,14:00:00,15:00:00,16:00:00,17:00:00,18:00:00,19:00:00,20:00:00,21:00:00,22:00:00,23:00:00
"
"
December-2017,00:00:00,01:00:00,02:00:00,03:00:00,04:00:00,05:00:00,06:00:00,07:00:00,08:00:00,09:00:00,10:00:00,11:00:00,12:00:00,13:00:00,14:00:00,15:00:00,16:00:00,17:00:00,18:00:00,19:00:00,20:00:00,21:00:00,22:00:00,23:00:00
"
"
Year,2018
January-2018,00:00:00,01:00:00,02:00:00,03:00:00,04:00:00,05:00:00,06:00:00,07:00:00,08:00:00,09:00:00,10:00:00,11:00:00,12:00:00,13:00:00,14:00:00,15:00:00,16:00:00,17:00:00,18:00:00,19:00:00,20:00:00,21:00:00,22:00:00,23:00:00
"
"
February-2018,00:00:00,01:00:00,02:00:00,03:00:00,04:00:00,05:00:00,06:00:00,07:00:00,08:00:00,09:00:00,10:00:00,11:00:00,12:00:00,13:00:00,14:00:00,15:00:00,16:00:00,17:00:00,18:00:00,19:00:00,20:00:00,21:00:00,22:00:00,23:00:00
"
"
March-2018,00:00:00,01:00:00,02:00:00,03:00:00,04:00:00,05:00:00,06:00:00,07:00:00,08:00:00,09:00:00,10:00:00,11:00:00,12:00:00,13:00:00,14:00:00,15:00:00,16:00:00,17:00:00,18:00:00,19:00:00,20:00:00,21:00:00,22:00:00,23:00:00
"
"
April-2018,00:00:00,01:00:00,02:00:00,03:00:00,04:00:00,05:00:00,06:00:00,07:00:00,08:00:00,09:00:00,10:00:00,11:00:00,12:00:00,13:00:00,14:00:00,15:00:00,16:00:00,17:00:00,18:00:00,19:00:00,20:00:00,21:00:00,22:00:00,23:00:00
"
"
May-2018,00:00:00,01:00:00,02:00:00,03:00:00,04:00:00,05:00:00,06:00:00,07:00:00,08:00:00,09:00:00,10:00:00,11:00:00,12:00:00,13:00:00,14:00:00,15:00:00,16:00:00,17:00:00,18:00:00,19:00:00,20:00:00,21:00:00,22:00:00,23:00:00
"
"
June-2018,00:00:00,01:00:00,02:00:00,03:00:00,04:00:00,05:00:00,06:00:00,07:00:00,08:00:00,09:00:00,10:00:00,11:00:00,12:00:00,13:00:00,14:00:00,15:00:00,16:00:00,17:00:00,18:00:00,19:00:00,20:00:00,21:00:00,22:00:00,23:00:00
"
"
July-2018,00:00:00,01:00:00,02:00:00,03:00:00,04:00:00,05:00:00,06:00:00,07:00:00,08:00:00,09:00:00,10:00:00,11:00:00,12:00:00,13:00:00,14:00:00,15:00:00,16:00:00,17:00:00,18:00:00,19:00:00,20:00:00,21:00:00,22:00:00,23:00:00
"
"
August-2018,00:00:00,01:00:00,02:00:00,03:00:00,04:00:00,05:00:00,06:00:00,07:00:00,08:00:00,09:00:00,10:00:00,11:00:00,12:00:00,13:00:00,14:00:00,15:00:00,16:00:00,17:00:00,18:00:00,19:00:00,20:00:00,21:00:00,22:00:00,23:00:00
"
"
September-2018,00:00:00,01:00:00,02:00:00,03:00:00,04:00:00,05:00:00,06:00:00,07:00:00,08:00:00,09:00:00,10:00:00,11:00:00,12:00:00,13:00:00,14:00:00,15:00:00,16:00:00,17:00:00,18:00:00,19:00:00,20:00:00,21:00:00,22:00:00,23:00:00
"
"
October-2018,00:00:00,01:00:00,02:00:00,03:00:00,04:00:00,05:00:00,06:00:00,07:00:00,08:00:00,09:00:00,10:00:00,11:00:00,12:00:00,13:00:00,14:00:00,15:00:00,16:00:00,17:00:00,18:00:00,19:00:00,20:00:00,21:00:00,22:00:00,23:00:00
"
"
November-2018,00:00:00,01:00:00,02:00:00,03:00:00,04:00:00,05:00:00,06:00:00,07:00:00,08:00:00,09:00:00,10:00:00,11:00:00,12:00:00,13:00:00,14:00:00,15:00:00,16:00:00,17:00:00,18:00:00,19:00:00,20:00:00,21:00:00,22:00:00,23:00:00
1,,,,,,,,,,,,,,,,,310.0,307.0,304.0,,386.0,397.0,375.0,
2,403.0,447.0,460.0,473.0,446.0,433.0,430.0,418.0,407.0,407.0,417.0,435.0,500.0,483.0,166.0,414.0,363.0,358.0,353.0,348.0,376.0,406.0,434.0,430.0
3,425.0,369.0,370.0,344.0,333.0,332.0,312.0,290.0,304.0,312.0,324.0,342.0,338.0,303.0,310.0,320.0,311.0,220.0,200.0,233.0,311.0,331.0,325.0,329.0
4,302.0,325.0,309.0,270.0,250.0,257.0,233.0,203.0,187.0,180.0,197.0,177.0,113.0,98.0,116.0,183.0,147.0,163.0,207.0,237.0,250.0,302.0,318.0,358.0
5,435.0,447.0,429.0,403.0,352.0,340.0,348.0,321.0,327.0,325.0,321.0,277.0,200.0,133.0,127.0,132.0,,91.0,117.0,187.0,,,,
6,,,,,,,,,,,,,,287.0,163.0,133.0,97.0,96.0,111.0,151.0,277.0,332.0,401.0,411.0
7,419.0,429.0,409.0,413.0,405.0,429.0,429.0,358.0,350.0,353.0,382.0,433.0,419.0,342.0,333.0,324.0,305.0,304.0,277.0,314.0,325.0,381.0,405.0,417.0
8,424.0,424.0,434.0,420.0,404.0,407.0,408.0,408.0,420.0,419.0,418.0,417.0,328.0,315.0,312.0,297.0,312.0,308.0,314.0,500.0,306.0,104.0,257.0,306.0
9,321.0,375.0,314.0,293.0,259.0,239.0,249.0,259.0,248.0,293.0,319.0,328.0,325.0,321.0,349.0,268.0,199.0,151.0,169.0,249.0,350.0,440.0,355.0,407.0
10,416.0,432.0,409.0,426.0,405.0,400.0,415.0,381.0,334.0,335.0,86.0,305.0,241.0,182.0,143.0,109.0,84.0,94.0,122.0,195.0,197.0,241.0,429.0,432.0
11,441.0,381.0,328.0,262.0,308.0,276.0,256.0,245.0,213.0,211.0,341.0,321.0,304.0,210.0,,155.0,145.0,137.0,127.0,232.0,272.0,348.0,472.0,423.0
12,422.0,428.0,417.0,431.0,420.0,407.0,439.0,418.0,349.0,352.0,389.0,,,155.0,,133.0,117.0,,116.0,161.0,193.0,221.0,221.0,227.0
13,238.0,217.0,,195.0,165.0,165.0,186.0,160.0,163.0,159.0,172.0,167.0,141.0,131.0,144.0,134.0,127.0,119.0,115.0,168.0,262.0,223.0,213.0,191.0
14,199.0,230.0,205.0,266.0,271.0,265.0,278.0,223.0,289.0,319.0,256.0,306.0,252.0,202.0,182.0,141.0,129.0,124.0,113.0,144.0,230.0,425.0,358.0,403.0
15,414.0,409.0,374.0,363.0,358.0,362.0,378.0,375.0,362.0,405.0,419.0,413.0,349.0,,,,177.0,157.0,160.0,296.0,360.0,332.0,414.0,408.0
16,448.0,500.0,482.0,466.0,388.0,367.0,490.0,447.0,453.0,463.0,429.0,500.0,500.0,449.0,335.0,332.0,243.0,200.0,170.0,270.0,306.0,398.0,439.0,407.0
17,376.0,367.0,423.0,422.0,407.0,390.0,379.0,366.0,,,,466.0,463.0,420.0,358.0,345.0,312.0,315.0,312.0,412.0,,,,
18,,,,,,,,,,,,,,375.0,344.0,,243.0,193.0,207.0,,,359.0,,402.0
19,420.0,436.0,424.0,418.0,,407.0,406.0,,,407.0,449.0,431.0,362.0,339.0,287.0,203.0,133.0,163.0,130.0,,,,,
20,,,,,,,,,,,,,,,,,,,,,,,,
"
"
December-2018,00:00:00,01:00:00,02:00:00,03:00:00,04:00:00,05:00:00,06:00:00,07:00:00,08:00:00,09:00:00,10:00:00,11:00:00,12:00:00,13:00:00,14:00:00,15:00:00,16:00:00,17:00:00,18:00:00,19:00:00,20:00:00,21:00:00,22:00:00,23:00:00
1,,,,,,,,,,,,,325.0,243.0,149.0,112.0,109.0,104.0,105.0,,,356.0,,
2,,465.0,463.0,437.0,436.0,421.0,353.0,354.0,371.0,391.0,401.0,395.0,357.0,366.0,163.0,233.0,130.0,,113.0,,,,,
3,405.0,471.0,474.0,433.0,441.0,422.0,,,413.0,395.0,435.0,405.0,390.0,331.0,243.0,200.0,,167.0,160.0,,312.0,,,441.0
4,459.0,453.0,500.0,461.0,449.0,386.0,426.0,437.0,443.0,443.0,464.0,474.0,474.0,,319.0,200.0,240.0,183.0,203.0,,,,,
5,,,,,,,,,,,,,,,,170.0,150.0,140.0,145.0,217.0,307.0,403.0,403.0,487.0
6,477.0,468.0,436.0,438.0,,,,,,,,,,,,200.0,217.0,203.0,183.0,301.0,325.0,335.0,441.0,446.0
7,441.0,388.0,368.0,369.0,395.0,394.0,365.0,344.0,369.0,414.0,441.0,434.0,392.0,342.0,287.0,287.0,217.0,223.0,155.0,186.0,368.0,346.0,414.0,386.0
8,403.0,385.0,396.0,378.0,455.0,357.0,398.0,411.0,403.0,431.0,443.0,500.0,472.0,373.0,318.0,321.0,318.0,257.0,290.0,267.0,312.0,321.0,327.0,384.0
9,393.0,409.0,385.0,387.0,403.0,407.0,396.0,385.0,393.0,437.0,426.0,437.0,413.0,368.0,368.0,303.0,305.0,302.0,325.0,316.0,312.0,340.0,357.0,368.0
10,414.0,371.0,357.0,420.0,423.0,397.0,370.0,382.0,399.0,420.0,431.0,447.0,500.0,441.0,391.0,371.0,354.0,362.0,365.0,382.0,399.0,416.0,420.0,422.0
11,413.0,397.0,401.0,392.0,397.0,417.0,393.0,400.0,406.0,403.0,434.0,441.0,434.0,414.0,373.0,341.0,342.0,349.0,355.0,410.0,383.0,427.0,426.0,466.0
12,,446.0,433.0,429.0,440.0,438.0,437.0,434.0,400.0,399.0,405.0,402.0,379.0,386.0,346.0,253.0,303.0,170.0,170.0,223.0,163.0,230.0,314.0,336.0
13,329.0,327.0,237.0,253.0,110.0,57.0,68.0,55.0,63.0,65.0,107.0,180.0,123.0,157.0,160.0,163.0,87.0,110.0,,193.0,280.0,287.0,253.0,187.0
14,180.0,163.0,160.0,163.0,140.0,193.0,306.0,267.0,293.0,314.0,327.0,331.0,329.0,287.0,187.0,120.0,97.0,85.0,88.0,,200.0,197.0,213.0,314.0
15,301.0,273.0,322.0,312.0,307.0,316.0,287.0,301.0,309.0,,319.0,328.0,319.0,,302.0,183.0,135.0,95.0,380.0,135.0,193.0,280.0,303.0,
16,,,270.0,240.0,,334.0,340.0,371.0,368.0,385.0,406.0,375.0,348.0,342.0,312.0,293.0,243.0,270.0,217.0,305.0,327.0,,,
17,323.0,342.0,420.0,388.0,361.0,411.0,257.0,331.0,337.0,398.0,410.0,411.0,392.0,,340.0,304.0,107.0,143.0,,167.0,311.0,411.0,495.0,418.0
18,413.0,413.0,419.0,401.0,383.0,378.0,375.0,358.0,344.0,383.0,441.0,417.0,373.0,333.0,319.0,318.0,290.0,290.0,277.0,304.0,336.0,363.0,411.0,429.0
19,442.0,457.0,431.0,404.0,408.0,401.0,404.0,411.0,417.0,438.0,,444.0,404.0,,343.0,318.0,262.0,216.0,252.0,,424.0,455.0,477.0,491.0
20,500.0,500.0,500.0,500.0,484.0,455.0,443.0,437.0,447.0,494.0,500.0,500.0,500.0,418.0,,342.0,328.0,307.0,247.0,309.0,396.0,446.0,426.0,462.0
21,429.0,402.0,392.0,391.0,395.0,365.0,379.0,398.0,433.0,460.0,475.0,455.0,411.0,373.0,338.0,350.0,323.0,332.0,328.0,344.0,429.0,490.0,484.0,494.0
22,500.0,500.0,483.0,440.0,443.0,433.0,441.0,476.0,486.0,459.0,475.0,492.0,467.0,437.0,384.0,348.0,374.0,370.0,369.0,378.0,417.0,423.0,500.0,499.0
23,494.0,500.0,500.0,500.0,414.0,414.0,399.0,409.0,421.0,375.0,398.0,444.0,475.0,450.0,410.0,443.0,451.0,411.0,409.0,405.0,411.0,473.0,500.0,500.0
24,489.0,500.0,476.0,487.0,480.0,492.0,469.0,496.0,489.0,500.0,495.0,450.0,455.0,449.0,409.0,397.0,340.0,328.0,324.0,461.0,412.0,423.0,478.0,472.0
25,440.0,397.0,386.0,375.0,367.0,369.0,352.0,349.0,376.0,408.0,379.0,383.0,407.0,414.0,399.0,392.0,384.0,332.0,287.0,310.0,366.0,378.0,431.0,433.0
26,423.0,423.0,431.0,423.0,420.0,419.0,413.0,431.0,431.0,467.0,469.0,493.0,429.0,390.0,367.0,314.0,304.0,170.0,217.0,287.0,362.0,418.0,468.0,437.0
27,474.0,500.0,500.0,500.0,500.0,408.0,416.0,431.0,401.0,410.0,431.0,468.0,440.0,414.0,393.0,342.0,329.0,297.0,305.0,339.0,365.0,370.0,398.0,434.0
28,423.0,408.0,398.0,409.0,413.0,402.0,404.0,400.0,411.0,449.0,457.0,443.0,438.0,429.0,402.0,,379.0,328.0,316.0,331.0,346.0,424.0,439.0,440.0
29,426.0,437.0,429.0,423.0,446.0,449.0,454.0,437.0,457.0,447.0,462.0,414.0,397.0,382.0,350.0,334.0,315.0,304.0,322.0,342.0,447.0,484.0,500.0,495.0
30,500.0,500.0,500.0,500.0,500.0,,500.0,500.0,498.0,500.0,500.0,500.0,498.0,410.0,424.0,329.0,270.0,277.0,280.0,315.0,355.0,436.0,500.0,500.0
31,500.0,485.0,440.0,470.0,485.0,460.0,454.0,449.0,429.0,463.0,490.0,500.0,468.0,404.0,353.0,314.0,237.0,237.0,303.0,318.0,358.0,480.0,417.0,431.0
"
"
Year,2019
January-2019,00:00:00,01:00:00,02:00:00,03:00:00,04:00:00,05:00:00,06:00:00,07:00:00,08:00:00,09:00:00,10:00:00,11:00:00,12:00:00,13:00:00,14:00:00,15:00:00,16:00:00,17:00:00,18:00:00,19:00:00,20:00:00,21:00:00,22:00:00,23:00:00
1,471.0,,,,,,,,,,500.0,,,,442.0,416.0,306.0,304.0,,345.0,351.0,446.0,420.0,462.0
2,500.0,500.0,493.0,450.0,442.0,435.0,450.0,440.0,457.0,455.0,477.0,500.0,500.0,500.0,459.0,395.0,353.0,365.0,350.0,372.0,450.0,423.0,426.0,475.0
3,500.0,500.0,500.0,500.0,500.0,499.0,486.0,468.0,450.0,460.0,467.0,499.0,500.0,500.0,418.0,426.0,359.0,332.0,371.0,410.0,460.0,469.0,,
4,,,,,,,,,,,,,384.0,,379.0,363.0,,379.0,,,,,,
5,,431.0,410.0,409.0,399.0,391.0,,,396.0,,,392.0,,473.0,340.0,323.0,305.0,,305.0,,337.0,,,
6,,,,,,,,,,279.0,197.0,277.0,325.0,,,,,,,,,,,
7,,,,,,,,302.0,307.0,312.0,348.0,,369.0,380.0,404.0,327.0,301.0,,,,325.0,395.0,387.0,337.0
8,315.0,305.0,312.0,318.0,305.0,309.0,328.0,339.0,329.0,,342.0,358.0,,346.0,305.0,220.0,143.0,140.0,147.0,260.0,325.0,344.0,,
9,,,,,,,,325.0,447.0,332.0,,,,,,,,,,,,,,
10,,,,,,,,,354.0,,,,,,,,150.0,160.0,120.0,175.0,267.0,376.0,416.0,416.0
11,418.0,426.0,417.0,388.0,404.0,385.0,,401.0,436.0,416.0,428.0,414.0,447.0,444.0,359.0,,,297.0,303.0,311.0,340.0,371.0,363.0,469.0
12,435.0,471.0,,492.0,500.0,497.0,480.0,,,,486.0,,481.0,,450.0,417.0,371.0,384.0,375.0,375.0,425.0,446.0,462.0,487.0
13,467.0,487.0,500.0,469.0,500.0,500.0,373.0,362.0,359.0,358.0,369.0,403.0,413.0,388.0,345.0,339.0,338.0,354.0,388.0,395.0,395.0,357.0,327.0,302.0
14,307.0,302.0,200.0,180.0,160.0,143.0,110.0,95.0,150.0,237.0,260.0,301.0,183.0,120.0,157.0,105.0,107.0,107.0,109.0,142.0,287.0,302.0,315.0,316.0
15,309.0,312.0,297.0,290.0,253.0,237.0,314.0,306.0,332.0,329.0,375.0,345.0,325.0,,,167.0,217.0,220.0,197.0,240.0,304.0,348.0,397.0,443.0
16,493.0,500.0,474.0,463.0,476.0,477.0,453.0,430.0,434.0,436.0,500.0,387.0,362.0,339.0,344.0,371.0,378.0,373.0,370.0,362.0,392.0,408.0,427.0,
17,,,,,,,,,,,,,500.0,473.0,454.0,411.0,365.0,332.0,,352.0,406.0,414.0,416.0,401.0
18,397.0,379.0,,372.0,366.0,367.0,362.0,386.0,405.0,397.0,345.0,328.0,440.0,,,331.0,348.0,324.0,353.0,368.0,416.0,438.0,433.0,439.0
19,442.0,,,,,,,453.0,442.0,463.0,478.0,500.0,500.0,395.0,334.0,207.0,207.0,302.0,243.0,217.0,302.0,378.0,404.0,368.0
20,441.0,500.0,455.0,444.0,479.0,444.0,401.0,362.0,391.0,416.0,427.0,472.0,500.0,423.0,422.0,380.0,260.0,200.0,307.0,253.0,308.0,336.0,399.0,416.0
21,456.0,442.0,431.0,429.0,438.0,453.0,434.0,411.0,395.0,388.0,385.0,388.0,380.0,344.0,312.0,277.0,362.0,207.0,254.0,,160.0,103.0,73.0,91.0
22,94.0,85.0,87.0,83.0,98.0,48.0,44.0,39.0,40.0,,86.0,88.0,96.0,,,83.0,98.0,97.0,107.0,,,,,
23,,,,,,,,,,,,346.0,396.0,378.0,314.0,220.0,130.0,95.0,95.0,98.0,177.0,381.0,342.0,
24,,,,,,,,,,,,,,187.0,143.0,93.0,85.0,78.0,96.0,180.0,240.0,120.0,108.0,113.0
25,,127.0,67.0,110.0,70.0,87.0,75.0,123.0,98.0,147.0,157.0,260.0,250.0,167.0,157.0,180.0,160.0,98.0,,80.0,183.0,223.0,311.0,309.0
26,281.0,301.0,270.0,193.0,177.0,157.0,157.0,147.0,167.0,217.0,323.0,273.0,197.0,150.0,107.0,72.0,70.0,68.0,65.0,85.0,197.0,315.0,328.0,309.0
27,280.0,311.0,320.0,344.0,361.0,357.0,355.0,345.0,355.0,362.0,362.0,350.0,310.0,203.0,103.0,75.0,107.0,85.0,77.0,90.0,170.0,311.0,358.0,327.0
28,328.0,332.0,311.0,315.0,328.0,315.0,332.0,348.0,349.0,366.0,63.0,335.0,253.0,147.0,88.0,76.0,78.0,130.0,113.0,123.0,233.0,91.0,342.0,359.0
29,124.0,370.0,342.0,339.0,332.0,341.0,335.0,332.0,353.0,369.0,80.0,349.0,318.0,240.0,237.0,140.0,107.0,88.0,97.0,104.0,163.0,328.0,371.0,403.0
30,487.0,433.0,396.0,404.0,426.0,292.0,363.0,357.0,260.0,419.0,434.0,396.0,371.0,341.0,185.0,302.0,290.0,253.0,253.0,,,,,
31,,,,,,,,,,,,446.0,408.0,338.0,250.0,197.0,220.0,183.0,133.0,171.0,310.0,318.0,340.0,378.0
"
"
February-2019,00:00:00,01:00:00,02:00:00,03:00:00,04:00:00,05:00:00,06:00:00,07:00:00,08:00:00,09:00:00,10:00:00,11:00:00,12:00:00,13:00:00,14:00:00,15:00:00,16:00:00,17:00:00,18:00:00,19:00:00,20:00:00,21:00:00,22:00:00,23:00:00
1,371.0,355.0,337.0,328.0,325.0,319.0,325.0,346.0,340.0,340.0,339.0,387.0,392.0,380.0,345.0,382.0,353.0,348.0,345.0,356.0,374.0,383.0,382.0,378.0
2,368.0,373.0,344.0,324.0,315.0,309.0,297.0,297.0,277.0,267.0,270.0,314.0,340.0,356.0,349.0,353.0,365.0,356.0,339.0,351.0,373.0,400.0,393.0,378.0
3,327.0,270.0,163.0,163.0,163.0,160.0,133.0,103.0,101.0,110.0,130.0,150.0,220.0,304.0,312.0,321.0,312.0,280.0,243.0,280.0,335.0,354.0,372.0,419.0
4,431.0,440.0,420.0,335.0,233.0,183.0,,,120.0,160.0,250.0,306.0,,369.0,352.0,302.0,,,,,,,,
5,,,,,,,,,,,,367.0,,,,,,332.0,311.0,328.0,352.0,374.0,358.0,384.0
6,404.0,,,,,,,429.0,417.0,411.0,416.0,472.0,382.0,328.0,307.0,257.0,170.0,207.0,193.0,250.0,303.0,333.0,367.0,342.0
7,332.0,318.0,287.0,200.0,183.0,217.0,130.0,150.0,143.0,143.0,98.0,88.0,123.0,105.0,97.0,95.0,101.0,112.0,101.0,85.0,79.0,89.0,102.0,120.0
8,113.0,96.0,68.0,85.0,107.0,105.0,107.0,101.0,108.0,127.0,302.0,357.0,369.0,150.0,129.0,109.0,61.0,102.0,99.0,83.0,103.0,103.0,116.0,127.0
9,170.0,257.0,230.0,187.0,163.0,183.0,140.0,120.0,147.0,213.0,217.0,140.0,93.0,86.0,95.0,90.0,94.0,100.0,99.0,113.0,147.0,,280.0,341.0
10,,306.0,319.0,318.0,328.0,340.0,340.0,338.0,325.0,362.0,372.0,388.0,344.0,303.0,143.0,120.0,107.0,109.0,118.0,140.0,177.0,253.0,312.0,357.0
11,362.0,355.0,312.0,318.0,308.0,315.0,325.0,316.0,355.0,365.0,367.0,348.0,310.0,302.0,287.0,287.0,200.0,177.0,147.0,162.0,179.0,307.0,356.0,421.0
12,421.0,401.0,428.0,416.0,407.0,385.0,348.0,338.0,337.0,357.0,365.0,374.0,349.0,297.0,280.0,312.0,319.0,321.0,315.0,315.0,321.0,350.0,390.0,370.0
13,368.0,337.0,327.0,325.0,322.0,339.0,336.0,328.0,332.0,348.0,410.0,407.0,382.0,384.0,335.0,338.0,346.0,345.0,358.0,362.0,375.0,393.0,408.0,398.0
14,380.0,400.0,407.0,402.0,365.0,410.0,367.0,369.0,404.0,368.0,358.0,357.0,352.0,324.0,321.0,318.0,306.0,230.0,187.0,160.0,217.0,237.0,314.0,310.0
15,316.0,237.0,223.0,293.0,230.0,187.0,203.0,203.0,183.0,197.0,243.0,287.0,290.0,287.0,267.0,363.0,351.0,324.0,315.0,302.0,315.0,316.0,311.0,302.0
16,290.0,270.0,230.0,203.0,257.0,302.0,280.0,301.0,304.0,307.0,297.0,302.0,267.0,267.0,223.0,213.0,217.0,170.0,167.0,177.0,200.0,237.0,303.0,253.0
17,287.0,307.0,301.0,293.0,253.0,187.0,130.0,92.0,107.0,123.0,157.0,183.0,233.0,240.0,147.0,113.0,110.0,98.0,95.0,103.0,147.0,203.0,303.0,325.0
18,338.0,337.0,320.0,293.0,273.0,257.0,200.0,217.0,220.0,257.0,280.0,240.0,290.0,122.0,,,146.0,140.0,126.0,114.0,167.0,250.0,270.0,293.0
19,250.0,250.0,233.0,217.0,240.0,233.0,233.0,180.0,127.0,277.0,339.0,352.0,379.0,333.0,328.0,273.0,197.0,293.0,290.0,270.0,260.0,312.0,320.0,342.0
20,340.0,333.0,331.0,331.0,349.0,345.0,322.0,303.0,233.0,83.0,98.0,107.0,92.0,98.0,63.0,48.0,44.0,64.0,51.0,88.0,76.0,85.0,237.0,213.0
21,277.0,,123.0,98.0,160.0,120.0,88.0,119.0,97.0,103.0,287.0,193.0,133.0,133.0,149.0,159.0,153.0,123.0,123.0,127.0,117.0,125.0,270.0,306.0
22,307.0,307.0,370.0,213.0,180.0,167.0,157.0,103.0,87.0,83.0,163.0,95.0,103.0,93.0,73.0,72.0,65.0,63.0,60.0,,79.0,,,
23,107.0,120.0,110.0,123.0,130.0,140.0,133.0,167.0,167.0,207.0,177.0,110.0,72.0,75.0,79.0,80.0,,79.0,73.0,62.0,90.0,117.0,,163.0
24,,315.0,306.0,319.0,315.0,297.0,304.0,302.0,233.0,207.0,223.0,270.0,220.0,147.0,95.0,93.0,92.0,88.0,80.0,79.0,124.0,,203.0,250.0
25,257.0,312.0,344.0,280.0,223.0,400.0,362.0,340.0,348.0,346.0,331.0,273.0,,200.0,133.0,,106.0,89.0,,142.0,167.0,131.0,71.0,64.0
26,,,,,,,,,,,,,88.0,101.0,107.0,170.0,163.0,,107.0,99.0,80.0,77.0,68.0,52.0
27,50.0,48.0,58.0,42.0,116.0,130.0,113.0,83.0,67.0,,57.0,65.0,60.0,,,,,,,,,,,
28,,,,,,,,,,,,,,,,,,,,,,,,
"
"
March-2019,00:00:00,01:00:00,02:00:00,03:00:00,04:00:00,05:00:00,06:00:00,07:00:00,08:00:00,09:00:00,10:00:00,11:00:00,12:00:00,13:00:00,14:00:00,15:00:00,16:00:00,17:00:00,18:00:00,19:00:00,20:00:00,21:00:00,22:00:00,23:00:00
1,,,,,,,,,,,,,,,,,,,,,,,,
2,,,,,,,,,,,,,,375.0,,316.0,,310.0,,220.0,,308.0,,157.0
3,120.0,,98.0,,93.0,,87.0,,147.0,98.0,140.0,120.0,,64.0,,95.0,,113.0,,120.0,,150.0,180.0,167.0
4,147.0,140.0,,123.0,,,,,,,,,302.0,,177.0,,88.0,,81.0,,75.0,,,
5,,89.0,,223.0,,120.0,,,,257.0,,312.0,,120.0,,,77.0,,76.0,,95.0,257.0,267.0,280.0
6,,302.0,,120.0,,113.0,,,301.0,280.0,297.0,,157.0,,83.0,,,,81.0,,117.0,,189.0,
7,312.0,,382.0,,280.0,,335.0,342.0,362.0,,382.0,,147.0,104.0,101.0,,98.0,,87.0,,119.0,,167.0,
8,187.0,,319.0,,251.0,,277.0,,193.0,240.0,325.0,329.0,223.0,140.0,108.0,133.0,100.0,105.0,105.0,123.0,119.0,105.0,130.0,110.0
9,120.0,,148.0,165.0,205.0,255.0,258.0,237.0,230.0,267.0,304.0,305.0,137.0,,80.0,77.0,78.0,76.0,78.0,74.0,101.0,125.0,111.0,146.0
10,125.0,127.0,130.0,,249.0,321.0,280.0,260.0,302.0,342.0,307.0,213.0,108.0,98.0,103.0,101.0,107.0,102.0,92.0,74.0,94.0,150.0,130.0,130.0
11,260.0,213.0,207.0,187.0,200.0,243.0,307.0,305.0,301.0,305.0,306.0,,241.0,191.0,,161.0,131.0,130.0,,172.0,149.0,,,170.0
12,143.0,107.0,77.0,133.0,88.0,103.0,230.0,80.0,68.0,68.0,85.0,74.0,109.0,97.0,86.0,78.0,83.0,94.0,101.0,113.0,,139.0,,131.0
13,,,127.0,148.0,240.0,323.0,334.0,320.0,243.0,223.0,302.0,200.0,135.0,133.0,133.0,129.0,129.0,148.0,124.0,153.0,107.0,118.0,191.0,243.0
14,220.0,200.0,312.0,368.0,312.0,320.0,357.0,315.0,320.0,323.0,327.0,311.0,,,,112.0,107.0,111.0,101.0,107.0,130.0,79.0,95.0,109.0
15,130.0,250.0,160.0,193.0,150.0,127.0,170.0,187.0,213.0,167.0,197.0,150.0,150.0,96.0,83.0,83.0,79.0,74.0,58.0,71.0,95.0,92.0,94.0,109.0
16,91.0,88.0,127.0,120.0,87.0,143.0,193.0,203.0,133.0,133.0,157.0,109.0,,,,,,,,103.0,119.0,153.0,243.0,240.0
17,149.0,200.0,215.0,243.0,302.0,240.0,339.0,355.0,348.0,353.0,341.0,237.0,120.0,89.0,90.0,96.0,97.0,97.0,93.0,73.0,107.0,134.0,205.0,220.0
18,197.0,290.0,302.0,177.0,237.0,342.0,332.0,335.0,321.0,321.0,376.0,290.0,160.0,109.0,101.0,90.0,,96.0,80.0,123.0,137.0,153.0,170.0,297.0
19,322.0,334.0,200.0,183.0,213.0,177.0,230.0,356.0,297.0,328.0,417.0,351.0,183.0,183.0,130.0,104.0,100.0,86.0,91.0,96.0,111.0,123.0,135.0,167.0
20,342.0,370.0,333.0,339.0,346.0,348.0,325.0,340.0,384.0,303.0,240.0,,226.0,139.0,,,,,,,,,,
21,,,,,,,,,,,,,,,,,,,,,,,,
22,,,,,,,,81.0,101.0,123.0,105.0,112.0,118.0,87.0,88.0,92.0,96.0,91.0,87.0,78.0,81.0,92.0,102.0,124.0
23,240.0,217.0,187.0,157.0,167.0,150.0,177.0,180.0,200.0,140.0,115.0,107.0,92.0,92.0,90.0,88.0,96.0,87.0,90.0,76.0,96.0,103.0,167.0,131.0
24,143.0,95.0,81.0,103.0,94.0,99.0,91.0,91.0,105.0,280.0,273.0,203.0,114.0,,97.0,,,89.0,97.0,102.0,119.0,134.0,119.0,115.0
25,147.0,129.0,193.0,233.0,290.0,277.0,170.0,203.0,253.0,277.0,253.0,203.0,170.0,122.0,102.0,99.0,88.0,92.0,141.0,69.0,84.0,99.0,123.0,153.0
26,143.0,163.0,140.0,183.0,345.0,324.0,311.0,311.0,260.0,270.0,187.0,170.0,118.0,111.0,105.0,88.0,88.0,94.0,109.0,111.0,125.0,144.0,223.0,145.0
27,187.0,220.0,306.0,270.0,319.0,287.0,314.0,297.0,367.0,392.0,375.0,253.0,267.0,127.0,102.0,92.0,91.0,84.0,77.0,103.0,121.0,175.0,171.0,239.0
28,302.0,272.0,474.0,422.0,316.0,315.0,374.0,408.0,462.0,492.0,437.0,365.0,318.0,183.0,145.0,110.0,108.0,116.0,86.0,142.0,96.0,149.0,147.0,217.0
29,260.0,,297.0,,,,,,,348.0,332.0,197.0,182.0,135.0,137.0,124.0,125.0,113.0,129.0,123.0,113.0,107.0,155.0,349.0
30,237.0,250.0,302.0,351.0,310.0,327.0,399.0,368.0,342.0,355.0,352.0,325.0,255.0,194.0,172.0,156.0,141.0,134.0,131.0,129.0,155.0,163.0,187.0,180.0
31,200.0,144.0,183.0,270.0,260.0,160.0,133.0,157.0,141.0,168.0,163.0,157.0,157.0,141.0,116.0,103.0,100.0,86.0,120.0,104.0,107.0,135.0,130.0,131.0
"
"
April-2019,00:00:00,01:00:00,02:00:00,03:00:00,04:00:00,05:00:00,06:00:00,07:00:00,08:00:00,09:00:00,10:00:00,11:00:00,12:00:00,13:00:00,14:00:00,15:00:00,16:00:00,17:00:00,18:00:00,19:00:00,20:00:00,21:00:00,22:00:00,23:00:00
1,,137.0,112.0,111.0,131.0,123.0,133.0,290.0,314.0,311.0,243.0,163.0,126.0,127.0,104.0,112.0,104.0,100.0,107.0,108.0,113.0,149.0,139.0,137.0
2,280.0,260.0,160.0,177.0,460.0,305.0,344.0,318.0,327.0,441.0,416.0,310.0,250.0,162.0,169.0,131.0,138.0,105.0,106.0,99.0,140.0,273.0,255.0,284.0
3,203.0,130.0,150.0,217.0,351.0,230.0,372.0,403.0,,399.0,348.0,253.0,153.0,131.0,99.0,98.0,106.0,105.0,89.0,116.0,91.0,78.0,133.0,253.0
4,217.0,273.0,321.0,320.0,391.0,500.0,346.0,342.0,341.0,361.0,370.0,,293.0,308.0,304.0,203.0,193.0,164.0,135.0,160.0,179.0,271.0,293.0,293.0
5,267.0,243.0,351.0,408.0,430.0,441.0,466.0,427.0,433.0,351.0,375.0,321.0,301.0,325.0,280.0,302.0,153.0,111.0,94.0,121.0,149.0,149.0,194.0,432.0
6,411.0,328.0,287.0,287.0,267.0,303.0,325.0,355.0,257.0,302.0,331.0,374.0,352.0,402.0,309.0,221.0,167.0,146.0,137.0,133.0,155.0,178.0,193.0,202.0
7,257.0,293.0,309.0,325.0,408.0,385.0,342.0,354.0,371.0,416.0,431.0,345.0,,306.0,257.0,213.0,182.0,178.0,179.0,153.0,150.0,170.0,462.0,395.0
8,406.0,124.0,167.0,282.0,356.0,251.0,232.0,252.0,265.0,282.0,290.0,360.0,413.0,403.0,401.0,355.0,312.0,414.0,169.0,117.0,104.0,122.0,213.0,270.0
9,197.0,177.0,163.0,203.0,233.0,348.0,260.0,260.0,500.0,329.0,365.0,334.0,237.0,245.0,180.0,145.0,130.0,123.0,119.0,137.0,120.0,153.0,195.0,180.0
10,250.0,309.0,328.0,410.0,382.0,338.0,364.0,422.0,345.0,401.0,308.0,167.0,123.0,131.0,90.0,84.0,87.0,97.0,91.0,108.0,134.0,177.0,206.0,232.0
11,160.0,145.0,187.0,150.0,127.0,253.0,163.0,335.0,137.0,147.0,234.0,260.0,,173.0,159.0,137.0,134.0,131.0,119.0,140.0,,175.0,256.0,376.0
12,318.0,174.0,144.0,135.0,129.0,298.0,205.0,270.0,218.0,155.0,137.0,147.0,212.0,174.0,138.0,108.0,101.0,116.0,89.0,90.0,122.0,134.0,162.0,137.0
13,127.0,151.0,130.0,115.0,88.0,,107.0,115.0,175.0,257.0,193.0,135.0,151.0,172.0,169.0,175.0,159.0,134.0,148.0,126.0,145.0,187.0,131.0,138.0
14,155.0,125.0,115.0,131.0,118.0,116.0,119.0,144.0,111.0,133.0,129.0,133.0,148.0,157.0,183.0,137.0,120.0,162.0,142.0,148.0,167.0,237.0,320.0,283.0
15,167.0,145.0,130.0,121.0,,,,,,,167.0,159.0,150.0,123.0,109.0,105.0,123.0,122.0,123.0,122.0,146.0,205.0,287.0,261.0
16,423.0,374.0,354.0,500.0,229.0,150.0,117.0,83.0,70.0,47.0,57.0,48.0,50.0,65.0,68.0,72.0,90.0,100.0,105.0,143.0,,77.0,175.0,86.0
17,47.0,58.0,117.0,40.0,39.0,69.0,70.0,84.0,101.0,133.0,57.0,63.0,64.0,64.0,74.0,86.0,85.0,76.0,88.0,67.0,55.0,66.0,,
18,,,,,,,,,,,48.0,68.0,83.0,102.0,114.0,101.0,93.0,94.0,83.0,76.0,177.0,134.0,146.0,172.0
19,183.0,214.0,,191.0,183.0,180.0,233.0,200.0,207.0,223.0,127.0,92.0,82.0,84.0,86.0,90.0,91.0,107.0,97.0,101.0,95.0,123.0,217.0,228.0
20,302.0,318.0,331.0,346.0,342.0,375.0,350.0,367.0,379.0,365.0,318.0,118.0,104.0,111.0,119.0,129.0,120.0,133.0,121.0,94.0,138.0,171.0,254.0,
21,,,,,,,,,,,,,193.0,121.0,101.0,99.0,99.0,97.0,101.0,100.0,120.0,181.0,409.0,414.0
22,371.0,277.0,240.0,336.0,290.0,327.0,312.0,304.0,315.0,346.0,365.0,305.0,145.0,133.0,145.0,110.0,,107.0,,,,,,262.0
23,,304.0,,,,,316.0,273.0,287.0,398.0,332.0,303.0,144.0,133.0,123.0,118.0,115.0,133.0,142.0,131.0,162.0,238.0,232.0,252.0
24,361.0,341.0,310.0,300.0,288.0,314.0,336.0,343.0,337.0,334.0,312.0,356.0,399.0,265.0,242.0,228.0,221.0,192.0,175.0,285.0,249.0,426.0,433.0,415.0
25,403.0,271.0,244.0,255.0,253.0,307.0,311.0,302.0,207.0,185.0,201.0,170.0,244.0,260.0,283.0,244.0,217.0,389.0,177.0,163.0,181.0,127.0,119.0,151.0
26,164.0,180.0,233.0,301.0,270.0,270.0,243.0,304.0,341.0,315.0,273.0,183.0,238.0,423.0,237.0,157.0,163.0,179.0,,,,,,
27,294.0,338.0,406.0,386.0,214.0,167.0,138.0,149.0,,187.0,188.0,218.0,199.0,218.0,371.0,,,,,,,,,
28,,,,,,,,,,,,,,,,,,,,,,,,
29,,,,,,,,,,,,,,,,,,,,,,,,
30,,,,,,,,,,,,,,,,,,,,,,,,
"
"
May-2019,00:00:00,01:00:00,02:00:00,03:00:00,04:00:00,05:00:00,06:00:00,07:00:00,08:00:00,09:00:00,10:00:00,11:00:00,12:00:00,13:00:00,14:00:00,15:00:00,16:00:00,17:00:00,18:00:00,19:00:00,20:00:00,21:00:00,22:00:00,23:00:00
1,,,,,,,,,,,,,,,,,,,,,,,,
2,,,,,,,,,,,,,,,,,,,,,,,,
3,,,,,,,,,,,,,,,,,,,,,,,,
4,,,,,,,,,,,,,,,,,,,,,,,,
5,,,,,,,,,,,,,,,,,,,,,,,,
6,,,,,,,,,,,,,,,,,,,,,,,,
7,,,,,,,,,,,,,,,,,,,,,,,,
8,,,,,,,,,,,,434.0,423.0,287.0,355.0,298.0,265.0,226.0,192.0,171.0,310.0,318.0,444.0,465.0
9,431.0,436.0,468.0,477.0,478.0,470.0,454.0,442.0,398.0,284.0,,,418.0,410.0,389.0,360.0,192.0,163.0,155.0,141.0,207.0,273.0,410.0,408.0
10,462.0,473.0,476.0,453.0,415.0,374.0,296.0,306.0,311.0,369.0,326.0,301.0,326.0,229.0,206.0,181.0,165.0,169.0,169.0,168.0,270.0,420.0,497.0,233.0
11,211.0,135.0,157.0,199.0,181.0,209.0,245.0,280.0,385.0,361.0,346.0,350.0,303.0,152.0,153.0,133.0,118.0,129.0,171.0,160.0,282.0,300.0,,374.0
12,399.0,408.0,398.0,336.0,318.0,321.0,459.0,388.0,421.0,407.0,388.0,348.0,332.0,500.0,425.0,223.0,183.0,175.0,185.0,233.0,197.0,203.0,270.0,
13,,,,,,,,,418.0,371.0,382.0,362.0,337.0,305.0,253.0,203.0,180.0,169.0,158.0,170.0,421.0,165.0,350.0,500.0
14,179.0,57.0,68.0,60.0,66.0,83.0,95.0,97.0,107.0,123.0,147.0,143.0,96.0,90.0,101.0,103.0,105.0,108.0,104.0,119.0,116.0,133.0,193.0,257.0
15,304.0,318.0,318.0,309.0,312.0,304.0,312.0,312.0,325.0,,120.0,95.0,87.0,88.0,75.0,66.0,69.0,70.0,73.0,89.0,,,,
16,,,,,,,,,,,,69.0,110.0,152.0,141.0,109.0,127.0,92.0,109.0,122.0,134.0,152.0,218.0,197.0
17,428.0,361.0,280.0,382.0,354.0,449.0,420.0,444.0,323.0,315.0,301.0,500.0,500.0,439.0,290.0,155.0,124.0,101.0,60.0,64.0,53.0,54.0,58.0,147.0
18,51.0,58.0,51.0,48.0,52.0,89.0,94.0,107.0,115.0,157.0,61.0,70.0,96.0,114.0,,,,,90.0,102.0,112.0,133.0,164.0,157.0
19,183.0,170.0,250.0,257.0,260.0,273.0,301.0,260.0,260.0,223.0,143.0,115.0,123.0,115.0,100.0,110.0,115.0,115.0,112.0,111.0,131.0,138.0,144.0,200.0
20,240.0,333.0,321.0,314.0,401.0,445.0,500.0,332.0,335.0,358.0,320.0,293.0,159.0,157.0,135.0,141.0,137.0,141.0,122.0,121.0,131.0,152.0,336.0,289.0
21,202.0,249.0,320.0,405.0,322.0,319.0,321.0,322.0,328.0,305.0,180.0,180.0,166.0,126.0,114.0,109.0,105.0,102.0,101.0,100.0,133.0,175.0,185.0,152.0
22,129.0,152.0,151.0,177.0,240.0,197.0,144.0,199.0,293.0,254.0,200.0,172.0,215.0,306.0,172.0,255.0,169.0,127.0,152.0,137.0,142.0,197.0,221.0,398.0
23,409.0,443.0,410.0,407.0,424.0,419.0,426.0,414.0,434.0,411.0,358.0,335.0,293.0,240.0,207.0,193.0,157.0,156.0,163.0,199.0,500.0,,55.0,94.0
24,107.0,124.0,141.0,115.0,143.0,133.0,96.0,99.0,126.0,135.0,145.0,,121.0,129.0,65.0,62.0,60.0,65.0,59.0,60.0,100.0,109.0,115.0,184.0
25,237.0,177.0,144.0,131.0,140.0,109.0,115.0,124.0,112.0,117.0,131.0,118.0,84.0,68.0,71.0,70.0,71.0,92.0,77.0,75.0,80.0,107.0,126.0,113.0
26,114.0,149.0,146.0,133.0,147.0,130.0,201.0,233.0,312.0,340.0,243.0,,100.0,82.0,89.0,91.0,89.0,85.0,78.0,,105.0,124.0,,
27,,211.0,194.0,191.0,193.0,267.0,202.0,249.0,346.0,335.0,218.0,177.0,150.0,111.0,105.0,80.0,83.0,82.0,,,,,,
28,,,,,,185.0,364.0,,,,,121.0,85.0,112.0,96.0,113.0,97.0,115.0,111.0,105.0,116.0,130.0,217.0,306.0
29,294.0,233.0,329.0,301.0,237.0,311.0,260.0,325.0,345.0,362.0,267.0,187.0,142.0,101.0,101.0,103.0,102.0,111.0,116.0,,,,,
30,,,,,,,,,,,287.0,143.0,138.0,121.0,120.0,,,120.0,109.0,119.0,184.0,155.0,295.0,424.0
31,370.0,382.0,399.0,287.0,410.0,453.0,433.0,388.0,407.0,432.0,416.0,370.0,312.0,376.0,332.0,262.0,211.0,189.0,163.0,141.0,151.0,193.0,213.0,325.0
"
"
June-2019,00:00:00,01:00:00,02:00:00,03:00:00,04:00:00,05:00:00,06:00:00,07:00:00,08:00:00,09:00:00,10:00:00,11:00:00,12:00:00,13:00:00,14:00:00,15:00:00,16:00:00,17:00:00,18:00:00,19:00:00,20:00:00,21:00:00,22:00:00,23:00:00
1,439.0,462.0,458.0,431.0,318.0,311.0,319.0,333.0,381.0,333.0,297.0,245.0,241.0,229.0,219.0,223.0,209.0,189.0,184.0,177.0,188.0,194.0,228.0,302.0
2,302.0,207.0,163.0,166.0,145.0,141.0,160.0,155.0,159.0,153.0,192.0,179.0,188.0,201.0,196.0,,183.0,178.0,166.0,159.0,167.0,179.0,194.0,188.0
3,305.0,197.0,163.0,180.0,190.0,205.0,250.0,289.0,314.0,403.0,419.0,425.0,436.0,426.0,411.0,405.0,394.0,295.0,222.0,230.0,193.0,185.0,152.0,144.0
4,131.0,119.0,109.0,97.0,95.0,162.0,121.0,111.0,109.0,129.0,146.0,156.0,188.0,181.0,185.0,167.0,152.0,152.0,157.0,168.0,149.0,147.0,164.0,157.0
5,153.0,217.0,220.0,243.0,302.0,297.0,308.0,260.0,302.0,303.0,304.0,217.0,174.0,166.0,163.0,103.0,141.0,135.0,137.0,,129.0,148.0,171.0,265.0
6,399.0,426.0,300.0,241.0,207.0,210.0,213.0,256.0,265.0,301.0,267.0,175.0,163.0,166.0,157.0,146.0,164.0,185.0,259.0,417.0,500.0,145.0,,
7,,,,,,,,,183.0,200.0,130.0,131.0,130.0,146.0,157.0,141.0,147.0,133.0,145.0,119.0,183.0,122.0,131.0,182.0
8,174.0,220.0,315.0,339.0,325.0,287.0,257.0,280.0,500.0,220.0,173.0,155.0,151.0,177.0,163.0,136.0,135.0,127.0,126.0,,131.0,190.0,256.0,457.0
9,358.0,276.0,340.0,422.0,246.0,253.0,,,403.0,448.0,420.0,375.0,,163.0,159.0,145.0,127.0,123.0,118.0,,,127.0,205.0,220.0
10,,,394.0,400.0,336.0,230.0,196.0,241.0,,309.0,287.0,,,,,,,,,,,,,
11,,,,,,,,,,,,,,,,,134.0,,228.0,228.0,183.0,256.0,346.0,390.0
12,394.0,407.0,410.0,115.0,139.0,124.0,78.0,94.0,141.0,127.0,185.0,444.0,254.0,218.0,153.0,149.0,157.0,151.0,141.0,144.0,129.0,349.0,145.0,464.0
13,217.0,195.0,137.0,135.0,135.0,148.0,141.0,134.0,181.0,187.0,167.0,153.0,155.0,109.0,101.0,99.0,,,,162.0,145.0,148.0,181.0,174.0
14,186.0,232.0,287.0,250.0,169.0,149.0,126.0,,159.0,177.0,186.0,193.0,,153.0,159.0,164.0,152.0,162.0,134.0,121.0,142.0,146.0,,268.0
15,265.0,261.0,,270.0,245.0,306.0,320.0,312.0,309.0,270.0,197.0,179.0,191.0,215.0,245.0,187.0,306.0,,,,,201.0,272.0,
16,235.0,187.0,282.0,418.0,278.0,218.0,140.0,110.0,100.0,112.0,167.0,401.0,115.0,79.0,92.0,79.0,89.0,80.0,75.0,69.0,104.0,151.0,137.0,145.0
17,144.0,125.0,125.0,125.0,115.0,115.0,70.0,89.0,107.0,75.0,65.0,70.0,162.0,50.0,56.0,109.0,96.0,100.0,135.0,113.0,120.0,,,
18,,,,,,45.0,39.0,39.0,48.0,53.0,53.0,56.0,53.0,54.0,64.0,,,74.0,69.0,68.0,,,,
19,157.0,150.0,180.0,160.0,180.0,183.0,187.0,163.0,150.0,200.0,177.0,,,283.0,,218.0,,195.0,,201.0,177.0,168.0,119.0,108.0
20,99.0,74.0,86.0,53.0,77.0,60.0,64.0,62.0,66.0,88.0,107.0,123.0,127.0,160.0,162.0,198.0,207.0,197.0,185.0,152.0,112.0,441.0,160.0,105.0
21,107.0,129.0,156.0,233.0,302.0,305.0,233.0,253.0,307.0,314.0,323.0,328.0,233.0,156.0,184.0,137.0,120.0,,107.0,115.0,111.0,120.0,,
22,,,,,,,,,175.0,167.0,183.0,162.0,127.0,125.0,121.0,,,,,,,,,
23,,,,,,,,,,,,,,109.0,116.0,111.0,107.0,,,,,101.0,107.0,229.0
24,161.0,67.0,46.0,30.0,27.0,30.0,32.0,48.0,36.0,52.0,55.0,105.0,134.0,,204.0,180.0,165.0,125.0,104.0,95.0,,,83.0,104.0
25,70.0,73.0,77.0,83.0,92.0,98.0,94.0,92.0,203.0,107.0,127.0,88.0,83.0,75.0,,70.0,78.0,87.0,,,45.0,136.0,,
26,,,,,,,,,193.0,,223.0,,,,,,101.0,100.0,108.0,97.0,,,,56.0
27,142.0,153.0,197.0,167.0,209.0,200.0,163.0,215.0,152.0,270.0,369.0,,440.0,,171.0,131.0,157.0,177.0,175.0,162.0,171.0,184.0,185.0,189.0
28,195.0,202.0,190.0,346.0,301.0,287.0,381.0,344.0,,229.0,200.0,187.0,135.0,,114.0,78.0,166.0,200.0,201.0,199.0,,,,
29,257.0,228.0,241.0,371.0,346.0,399.0,417.0,423.0,420.0,271.0,168.0,,151.0,183.0,197.0,223.0,210.0,199.0,196.0,179.0,500.0,148.0,181.0,401.0
30,287.0,284.0,250.0,230.0,233.0,322.0,401.0,408.0,222.0,69.0,102.0,129.0,149.0,156.0,,,,92.0,200.0,,164.0,,,130.0
"
"
July-2019,00:00:00,01:00:00,02:00:00,03:00:00,04:00:00,05:00:00,06:00:00,07:00:00,08:00:00,09:00:00,10:00:00,11:00:00,12:00:00,13:00:00,14:00:00,15:00:00,16:00:00,17:00:00,18:00:00,19:00:00,20:00:00,21:00:00,22:00:00,23:00:00
1,,,,,151.0,147.0,,,,,,,,,157.0,,,,,,,,,
2,,,,,,,278.0,199.0,227.0,182.0,142.0,148.0,170.0,183.0,165.0,160.0,170.0,152.0,141.0,134.0,127.0,123.0,140.0,163.0
3,180.0,183.0,153.0,122.0,107.0,103.0,120.0,127.0,140.0,142.0,167.0,141.0,120.0,123.0,83.0,74.0,80.0,77.0,79.0,102.0,93.0,105.0,114.0,111.0
4,,135.0,102.0,107.0,153.0,86.0,72.0,83.0,89.0,62.0,74.0,90.0,78.0,89.0,55.0,50.0,38.0,,52.0,55.0,123.0,80.0,65.0,73.0
5,68.0,78.0,93.0,97.0,98.0,80.0,88.0,83.0,87.0,177.0,163.0,98.0,100.0,,77.0,73.0,96.0,65.0,,72.0,100.0,77.0,86.0,
6,82.0,101.0,81.0,65.0,,87.0,107.0,95.0,130.0,113.0,105.0,109.0,105.0,72.0,91.0,,73.0,,74.0,65.0,56.0,59.0,56.0,59.0
7,62.0,55.0,61.0,68.0,70.0,88.0,103.0,107.0,78.0,65.0,70.0,80.0,87.0,79.0,80.0,67.0,74.0,,71.0,70.0,75.0,78.0,91.0,140.0
8,200.0,131.0,130.0,146.0,125.0,114.0,123.0,118.0,112.0,111.0,113.0,114.0,138.0,148.0,157.0,125.0,142.0,,125.0,107.0,126.0,150.0,115.0,140.0
9,205.0,192.0,162.0,,137.0,115.0,111.0,86.0,85.0,84.0,85.0,97.0,127.0,129.0,141.0,148.0,113.0,79.0,44.0,44.0,40.0,55.0,87.0,113.0
10,180.0,203.0,127.0,120.0,,,,,22.0,53.0,97.0,117.0,113.0,202.0,355.0,408.0,456.0,476.0,433.0,443.0,455.0,445.0,428.0,408.0
11,385.0,398.0,380.0,200.0,,,,165.0,163.0,173.0,204.0,483.0,500.0,485.0,491.0,500.0,500.0,500.0,233.0,248.0,186.0,164.0,130.0,130.0
12,130.0,122.0,115.0,117.0,200.0,124.0,121.0,127.0,127.0,129.0,369.0,464.0,500.0,306.0,324.0,319.0,500.0,500.0,,,,,106.0,
13,,,,,,,,,,,,,,57.0,468.0,444.0,434.0,417.0,349.0,276.0,272.0,140.0,127.0,122.0
14,111.0,131.0,131.0,153.0,164.0,169.0,171.0,164.0,193.0,249.0,403.0,446.0,159.0,166.0,193.0,309.0,361.0,290.0,217.0,193.0,138.0,104.0,75.0,73.0
15,70.0,57.0,44.0,24.0,38.0,30.0,36.0,42.0,56.0,51.0,50.0,111.0,166.0,,,,193.0,278.0,49.0,57.0,47.0,65.0,51.0,55.0
16,58.0,60.0,101.0,58.0,77.0,65.0,47.0,57.0,40.0,40.0,43.0,43.0,49.0,53.0,50.0,50.0,43.0,48.0,43.0,65.0,62.0,65.0,70.0,68.0
17,68.0,50.0,45.0,65.0,58.0,50.0,48.0,60.0,50.0,55.0,55.0,60.0,50.0,46.0,76.0,73.0,77.0,,55.0,46.0,37.0,52.0,52.0,70.0
18,67.0,103.0,87.0,120.0,68.0,37.0,31.0,50.0,57.0,60.0,66.0,47.0,45.0,65.0,87.0,67.0,110.0,105.0,101.0,74.0,80.0,96.0,100.0,97.0
19,122.0,102.0,90.0,102.0,167.0,157.0,187.0,163.0,223.0,237.0,267.0,257.0,220.0,177.0,198.0,203.0,216.0,,156.0,143.0,117.0,96.0,77.0,92.0
20,88.0,104.0,107.0,102.0,115.0,114.0,130.0,110.0,83.0,113.0,123.0,111.0,119.0,55.0,,,,,55.0,85.0,89.0,82.0,85.0,64.0
21,75.0,,,,,,,147.0,207.0,,230.0,178.0,58.0,58.0,120.0,105.0,121.0,143.0,148.0,71.0,73.0,100.0,79.0,83.0
22,84.0,80.0,73.0,93.0,67.0,67.0,92.0,88.0,92.0,92.0,113.0,140.0,200.0,217.0,217.0,150.0,88.0,62.0,68.0,79.0,73.0,136.0,120.0,146.0
23,136.0,100.0,117.0,113.0,158.0,160.0,175.0,79.0,88.0,88.0,123.0,92.0,75.0,78.0,59.0,75.0,79.0,52.0,55.0,77.0,133.0,138.0,133.0,163.0
24,147.0,220.0,221.0,309.0,342.0,301.0,277.0,101.0,82.0,100.0,111.0,117.0,173.0,191.0,177.0,143.0,122.0,91.0,85.0,87.0,120.0,92.0,86.0,68.0
25,56.0,54.0,59.0,34.0,,,,,,,,,74.0,81.0,70.0,62.0,69.0,60.0,61.0,62.0,55.0,66.0,62.0,60.0
26,62.0,67.0,82.0,93.0,130.0,78.0,95.0,80.0,77.0,92.0,78.0,85.0,75.0,70.0,73.0,48.0,35.0,37.0,38.0,38.0,37.0,,36.0,38.0
27,34.0,37.0,30.0,33.0,32.0,37.0,42.0,62.0,65.0,60.0,72.0,68.0,55.0,57.0,33.0,32.0,32.0,43.0,48.0,60.0,50.0,42.0,60.0,57.0
28,40.0,47.0,35.0,42.0,37.0,30.0,28.0,30.0,40.0,40.0,38.0,42.0,47.0,38.0,38.0,38.0,36.0,34.0,40.0,44.0,40.0,42.0,43.0,58.0
29,67.0,50.0,35.0,42.0,35.0,39.0,45.0,51.0,48.0,50.0,57.0,62.0,58.0,56.0,53.0,54.0,54.0,,28.0,43.0,52.0,45.0,43.0,45.0
30,50.0,60.0,60.0,57.0,63.0,60.0,56.0,62.0,67.0,,76.0,73.0,69.0,70.0,66.0,62.0,59.0,51.0,47.0,47.0,47.0,46.0,45.0,52.0
31,51.0,57.0,48.0,51.0,47.0,45.0,48.0,49.0,56.0,59.0,56.0,60.0,64.0,66.0,56.0,55.0,56.0,54.0,50.0,46.0,42.0,42.0,48.0,59.0
"
"
August-2019,00:00:00,01:00:00,02:00:00,03:00:00,04:00:00,05:00:00,06:00:00,07:00:00,08:00:00,09:00:00,10:00:00,11:00:00,12:00:00,13:00:00,14:00:00,15:00:00,16:00:00,17:00:00,18:00:00,19:00:00,20:00:00,21:00:00,22:00:00,23:00:00
1,70.0,68.0,65.0,50.0,63.0,51.0,60.0,70.0,86.0,104.0,115.0,90.0,94.0,89.0,85.0,74.0,57.0,61.0,,,56.0,56.0,62.0,86.0
2,72.0,69.0,63.0,72.0,69.0,,55.0,,,,,85.0,77.0,79.0,82.0,68.0,55.0,56.0,59.0,59.0,56.0,54.0,53.0,50.0
3,48.0,,,,44.0,,,66.0,,,,52.0,72.0,70.0,48.0,50.0,50.0,56.0,54.0,51.0,51.0,56.0,55.0,100.0
4,91.0,68.0,,,60.0,,70.0,55.0,58.0,62.0,71.0,,74.0,71.0,65.0,64.0,64.0,,37.0,,,,,
5,,,,,,,,,,163.0,200.0,163.0,80.0,116.0,,105.0,86.0,92.0,80.0,93.0,74.0,80.0,98.0,113.0
6,127.0,110.0,110.0,92.0,92.0,94.0,123.0,127.0,107.0,,,,,,,,,,,,,,32.0,112.0
7,128.0,112.0,98.0,60.0,,,,,,,,,,,,,43.0,48.0,36.0,36.0,40.0,41.0,43.0,47.0
8,47.0,46.0,40.0,45.0,38.0,40.0,34.0,38.0,48.0,58.0,52.0,51.0,68.0,,57.0,72.0,72.0,62.0,50.0,42.0,41.0,45.0,45.0,45.0
9,50.0,47.0,57.0,56.0,52.0,38.0,62.0,40.0,42.0,44.0,41.0,36.0,30.0,29.0,103.0,119.0,121.0,131.0,145.0,35.0,75.0,137.0,149.0,148.0
10,151.0,29.0,22.0,25.0,23.0,35.0,48.0,40.0,52.0,65.0,45.0,50.0,57.0,57.0,55.0,87.0,130.0,100.0,104.0,41.0,55.0,39.0,57.0,68.0
11,75.0,56.0,52.0,68.0,60.0,75.0,88.0,54.0,57.0,90.0,73.0,,115.0,70.0,98.0,121.0,139.0,66.0,,134.0,60.0,70.0,101.0,119.0
12,124.0,61.0,80.0,57.0,101.0,104.0,168.0,54.0,53.0,56.0,55.0,55.0,61.0,66.0,64.0,65.0,65.0,,,,,69.0,101.0,68.0
13,90.0,59.0,65.0,45.0,75.0,65.0,85.0,38.0,40.0,43.0,47.0,95.0,100.0,58.0,60.0,102.0,44.0,90.0,100.0,54.0,93.0,99.0,105.0,100.0
14,102.0,66.0,101.0,45.0,75.0,100.0,104.0,44.0,41.0,45.0,55.0,85.0,58.0,73.0,48.0,63.0,70.0,90.0,74.0,67.0,61.0,40.0,53.0,72.0
15,95.0,94.0,95.0,72.0,67.0,57.0,60.0,35.0,58.0,58.0,61.0,61.0,55.0,45.0,41.0,42.0,44.0,43.0,44.0,43.0,45.0,45.0,41.0,45.0
16,43.0,35.0,35.0,35.0,30.0,32.0,28.0,28.0,32.0,32.0,,,,38.0,,,,,,,,,,
17,,,,,,,,,,,43.0,50.0,45.0,35.0,35.0,27.0,30.0,30.0,30.0,32.0,43.0,45.0,45.0,40.0
18,40.0,26.0,30.0,13.0,38.0,45.0,,,45.0,70.0,,,,,,,,,,35.0,45.0,45.0,48.0,50.0
19,55.0,68.0,,68.0,55.0,55.0,50.0,57.0,75.0,100.0,133.0,77.0,,,,,,,,,,,,
20,,,,,,,,,,,92.0,97.0,73.0,46.0,53.0,63.0,57.0,62.0,61.0,57.0,63.0,83.0,94.0,90.0
21,105.0,120.0,127.0,85.0,73.0,80.0,143.0,147.0,133.0,120.0,114.0,112.0,111.0,112.0,105.0,111.0,102.0,96.0,101.0,83.0,91.0,79.0,95.0,109.0
22,96.0,192.0,118.0,120.0,130.0,134.0,117.0,101.0,111.0,112.0,102.0,117.0,113.0,116.0,115.0,106.0,112.0,75.0,57.0,79.0,101.0,119.0,147.0,183.0
23,207.0,165.0,163.0,148.0,141.0,127.0,143.0,127.0,143.0,200.0,118.0,117.0,119.0,107.0,115.0,105.0,103.0,98.0,100.0,95.0,92.0,86.0,72.0,127.0
24,105.0,140.0,123.0,95.0,110.0,105.0,117.0,127.0,153.0,183.0,177.0,170.0,155.0,117.0,90.0,89.0,85.0,65.0,63.0,55.0,51.0,73.0,61.0,88.0
25,87.0,163.0,270.0,113.0,89.0,75.0,83.0,75.0,77.0,94.0,87.0,66.0,68.0,92.0,90.0,86.0,67.0,,,,,,,21.0
26,68.0,64.0,57.0,13.0,41.0,31.0,30.0,28.0,30.0,38.0,43.0,62.0,47.0,48.0,62.0,47.0,43.0,43.0,41.0,,,,,
27,,,,,,,50.0,60.0,57.0,85.0,,,60.0,46.0,36.0,24.0,36.0,38.0,32.0,35.0,47.0,42.0,56.0,55.0
28,67.0,52.0,50.0,58.0,69.0,67.0,68.0,83.0,70.0,102.0,60.0,129.0,,74.0,52.0,57.0,48.0,42.0,40.0,47.0,,,,
29,,,,,,,80.0,73.0,81.0,97.0,108.0,115.0,80.0,83.0,78.0,70.0,53.0,51.0,50.0,47.0,56.0,84.0,70.0,70.0
30,80.0,75.0,79.0,74.0,67.0,73.0,68.0,73.0,64.0,63.0,86.0,78.0,67.0,75.0,67.0,57.0,76.0,59.0,47.0,145.0,,,,
31,,,,,,,,104.0,43.0,105.0,84.0,75.0,102.0,121.0,114.0,86.0,78.0,69.0,70.0,,91.0,93.0,127.0,157.0
"
"
September-2019,00:00:00,01:00:00,02:00:00,03:00:00,04:00:00,05:00:00,06:00:00,07:00:00,08:00:00,09:00:00,10:00:00,11:00:00,12:00:00,13:00:00,14:00:00,15:00:00,16:00:00,17:00:00,18:00:00,19:00:00,20:00:00,21:00:00,22:00:00,23:00:00
1,160.0,163.0,177.0,143.0,142.0,123.0,,30.0,43.0,41.0,,,,,,,28.0,37.0,60.0,66.0,67.0,65.0,63.0,60.0
2,61.0,59.0,57.0,52.0,44.0,57.0,48.0,47.0,47.0,67.0,88.0,93.0,80.0,73.0,62.0,64.0,70.0,64.0,49.0,69.0,53.0,105.0,143.0,157.0
3,120.0,120.0,102.0,103.0,92.0,91.0,107.0,143.0,150.0,163.0,180.0,113.0,91.0,77.0,77.0,86.0,101.0,97.0,110.0,177.0,160.0,144.0,331.0,217.0
4,233.0,203.0,243.0,200.0,213.0,193.0,160.0,77.0,70.0,67.0,120.0,113.0,48.0,94.0,99.0,80.0,83.0,62.0,73.0,94.0,84.0,99.0,89.0,94.0
5,90.0,90.0,66.0,62.0,58.0,64.0,67.0,65.0,67.0,63.0,61.0,60.0,66.0,50.0,43.0,58.0,51.0,50.0,57.0,74.0,64.0,59.0,89.0,89.0
6,91.0,78.0,69.0,73.0,55.0,50.0,50.0,48.0,48.0,42.0,63.0,,86.0,56.0,64.0,76.0,56.0,64.0,,190.0,107.0,104.0,96.0,103.0
7,105.0,119.0,90.0,68.0,64.0,57.0,,56.0,53.0,55.0,55.0,93.0,95.0,86.0,97.0,104.0,97.0,62.0,79.0,67.0,72.0,82.0,81.0,108.0
8,73.0,45.0,46.0,95.0,38.0,32.0,33.0,42.0,35.0,45.0,42.0,50.0,44.0,52.0,52.0,48.0,49.0,45.0,38.0,40.0,51.0,63.0,78.0,62.0
9,66.0,73.0,61.0,63.0,73.0,64.0,78.0,58.0,95.0,33.0,100.0,95.0,134.0,112.0,114.0,115.0,100.0,81.0,85.0,96.0,95.0,105.0,233.0,200.0
10,103.0,109.0,84.0,78.0,85.0,95.0,95.0,105.0,101.0,99.0,110.0,100.0,81.0,68.0,83.0,76.0,79.0,72.0,62.0,69.0,100.0,129.0,123.0,115.0
11,133.0,127.0,113.0,101.0,103.0,120.0,130.0,120.0,133.0,183.0,243.0,155.0,134.0,137.0,130.0,127.0,166.0,152.0,,168.0,130.0,210.0,263.0,
12,188.0,180.0,150.0,147.0,160.0,150.0,105.0,100.0,95.0,105.0,109.0,118.0,112.0,127.0,127.0,131.0,105.0,67.0,62.0,75.0,80.0,79.0,83.0,74.0
13,78.0,79.0,66.0,61.0,55.0,56.0,46.0,57.0,55.0,52.0,62.0,92.0,112.0,101.0,74.0,69.0,55.0,53.0,50.0,80.0,48.0,147.0,101.0,97.0
14,105.0,84.0,53.0,49.0,64.0,53.0,37.0,40.0,40.0,44.0,43.0,56.0,62.0,52.0,46.0,49.0,50.0,49.0,47.0,53.0,75.0,64.0,58.0,77.0
15,44.0,31.0,33.0,22.0,26.0,25.0,26.0,35.0,35.0,37.0,40.0,,,17.0,45.0,46.0,48.0,48.0,46.0,34.0,50.0,260.0,253.0,98.0
16,81.0,99.0,78.0,69.0,57.0,51.0,68.0,73.0,100.0,129.0,147.0,118.0,105.0,94.0,94.0,103.0,90.0,78.0,92.0,119.0,116.0,133.0,113.0,133.0
17,110.0,104.0,101.0,107.0,167.0,163.0,170.0,127.0,101.0,120.0,92.0,74.0,,103.0,103.0,101.0,96.0,80.0,79.0,131.0,73.0,102.0,105.0,100.0
18,111.0,107.0,84.0,74.0,73.0,70.0,,88.0,68.0,69.0,75.0,55.0,67.0,61.0,80.0,75.0,72.0,71.0,67.0,53.0,102.0,100.0,72.0,58.0
19,70.0,48.0,57.0,34.0,35.0,30.0,30.0,25.0,24.0,24.0,28.0,40.0,49.0,,48.0,58.0,52.0,51.0,53.0,50.0,48.0,73.0,68.0,74.0
20,73.0,78.0,81.0,63.0,60.0,68.0,68.0,50.0,52.0,80.0,78.0,68.0,163.0,129.0,108.0,132.0,86.0,89.0,78.0,88.0,81.0,75.0,94.0,92.0
21,99.0,353.0,177.0,107.0,,95.0,96.0,98.0,97.0,105.0,133.0,70.0,69.0,97.0,91.0,93.0,98.0,81.0,62.0,,,,,
22,,,,,,,,49.0,66.0,78.0,65.0,60.0,63.0,62.0,60.0,61.0,68.0,58.0,50.0,,,,5.0,54.0
23,56.0,57.0,52.0,40.0,40.0,37.0,38.0,40.0,40.0,55.0,40.0,41.0,41.0,56.0,74.0,83.0,58.0,78.0,73.0,54.0,57.0,62.0,94.0,86.0
24,67.0,64.0,59.0,4.0,69.0,55.0,67.0,70.0,59.0,68.0,107.0,70.0,73.0,52.0,47.0,40.0,36.0,44.0,41.0,57.0,91.0,64.0,81.0,81.0
25,61.0,46.0,67.0,88.0,75.0,78.0,70.0,,,,,41.0,36.0,65.0,47.0,39.0,39.0,40.0,39.0,107.0,133.0,76.0,68.0,66.0
26,78.0,80.0,66.0,53.0,50.0,47.0,38.0,37.0,40.0,42.0,30.0,,,,36.0,42.0,44.0,44.0,43.0,40.0,74.0,74.0,63.0,55.0
27,51.0,39.0,35.0,28.0,35.0,40.0,35.0,30.0,30.0,30.0,30.0,25.0,30.0,25.0,25.0,26.0,29.0,28.0,25.0,46.0,59.0,62.0,,47.0
28,42.0,44.0,50.0,46.0,45.0,45.0,45.0,40.0,45.0,45.0,48.0,35.0,35.0,40.0,40.0,40.0,40.0,47.0,40.0,45.0,73.0,66.0,48.0,50.0
29,30.0,30.0,41.0,,57.0,48.0,35.0,40.0,67.0,36.0,35.0,35.0,31.0,33.0,39.0,42.0,45.0,40.0,33.0,28.0,30.0,30.0,36.0,46.0
30,61.0,45.0,45.0,88.0,64.0,45.0,40.0,42.0,64.0,45.0,33.0,40.0,57.0,54.0,89.0,84.0,,,,62.0,72.0,72.0,103.0,97.0
"
"
October-2019,00:00:00,01:00:00,02:00:00,03:00:00,04:00:00,05:00:00,06:00:00,07:00:00,08:00:00,09:00:00,10:00:00,11:00:00,12:00:00,13:00:00,14:00:00,15:00:00,16:00:00,17:00:00,18:00:00,19:00:00,20:00:00,21:00:00,22:00:00,23:00:00
1,130.0,119.0,97.0,73.0,79.0,84.0,94.0,93.0,84.0,101.0,109.0,67.0,82.0,,,,,,,,,104.0,,
2,72.0,,,,,,,,,,,,,,,,,60.0,53.0,53.0,60.0,95.0,91.0,77.0
3,157.0,130.0,80.0,77.0,75.0,77.0,67.0,70.0,69.0,85.0,,75.0,,,,,,83.0,66.0,153.0,96.0,130.0,157.0,105.0
4,83.0,114.0,77.0,,,60.0,65.0,52.0,68.0,,60.0,68.0,68.0,55.0,77.0,85.0,94.0,104.0,95.0,89.0,77.0,73.0,73.0,111.0
5,111.0,95.0,79.0,86.0,63.0,60.0,48.0,50.0,45.0,45.0,56.0,58.0,,,,30.0,40.0,53.0,55.0,59.0,105.0,170.0,232.0,217.0
6,135.0,105.0,90.0,85.0,96.0,123.0,91.0,77.0,87.0,107.0,127.0,,,,,55.0,90.0,107.0,108.0,107.0,119.0,141.0,130.0,137.0
7,113.0,160.0,150.0,115.0,94.0,101.0,103.0,120.0,121.0,133.0,109.0,104.0,105.0,88.0,30.0,81.0,68.0,90.0,47.0,102.0,111.0,115.0,111.0,102.0
8,48.0,34.0,77.0,90.0,86.0,66.0,75.0,84.0,92.0,114.0,115.0,111.0,92.0,72.0,61.0,64.0,67.0,58.0,50.0,53.0,85.0,134.0,120.0,
9,,,,,,,,,,,,35.0,180.0,141.0,171.0,171.0,153.0,122.0,102.0,97.0,87.0,127.0,163.0,170.0
10,197.0,193.0,197.0,187.0,253.0,290.0,267.0,277.0,315.0,340.0,361.0,328.0,311.0,187.0,207.0,207.0,167.0,,193.0,160.0,143.0,277.0,243.0,
11,,,,,,,,,,,,207.0,163.0,200.0,177.0,150.0,159.0,177.0,107.0,92.0,92.0,200.0,304.0,341.0
12,250.0,233.0,223.0,,,,,,,,,,,,,,,,,,,,,122.0
13,84.0,314.0,319.0,321.0,361.0,314.0,339.0,338.0,363.0,352.0,384.0,345.0,332.0,311.0,177.0,93.0,122.0,123.0,119.0,108.0,170.0,206.0,318.0,301.0
14,332.0,325.0,353.0,355.0,321.0,315.0,328.0,357.0,272.0,335.0,325.0,315.0,217.0,217.0,157.0,143.0,117.0,105.0,113.0,211.0,167.0,287.0,293.0,303.0
15,344.0,336.0,302.0,237.0,290.0,301.0,312.0,314.0,324.0,324.0,349.0,,,,311.0,306.0,302.0,270.0,257.0,290.0,306.0,329.0,349.0,333.0
16,331.0,335.0,334.0,333.0,344.0,332.0,338.0,339.0,334.0,337.0,276.0,356.0,329.0,302.0,267.0,318.0,277.0,220.0,207.0,,253.0,312.0,316.0,320.0
17,311.0,308.0,311.0,302.0,301.0,140.0,260.0,280.0,314.0,314.0,182.0,321.0,318.0,319.0,302.0,,243.0,223.0,187.0,230.0,304.0,332.0,213.0,319.0
18,325.0,318.0,315.0,311.0,306.0,302.0,302.0,290.0,302.0,315.0,320.0,325.0,315.0,302.0,207.0,154.0,157.0,,147.0,,270.0,,,
19,,51.0,64.0,67.0,81.0,72.0,73.0,71.0,66.0,85.0,183.0,240.0,267.0,,153.0,166.0,160.0,123.0,83.0,,135.0,240.0,,
20,,250.0,213.0,133.0,277.0,273.0,,290.0,302.0,312.0,321.0,306.0,147.0,111.0,74.0,76.0,79.0,74.0,86.0,99.0,126.0,243.0,273.0,224.0
21,301.0,305.0,329.0,327.0,309.0,307.0,302.0,306.0,318.0,342.0,335.0,328.0,82.0,101.0,321.0,122.0,,107.0,115.0,121.0,121.0,200.0,270.0,293.0
22,273.0,310.0,308.0,308.0,304.0,302.0,308.0,325.0,318.0,320.0,314.0,267.0,147.0,177.0,120.0,,80.0,105.0,99.0,87.0,218.0,230.0,376.0,319.0
23,314.0,322.0,323.0,325.0,327.0,338.0,344.0,,,375.0,354.0,348.0,277.0,200.0,183.0,135.0,,120.0,123.0,259.0,199.0,301.0,297.0,311.0
24,320.0,335.0,335.0,334.0,333.0,342.0,345.0,341.0,336.0,340.0,362.0,388.0,390.0,306.0,233.0,220.0,197.0,207.0,207.0,348.0,451.0,387.0,407.0,
25,355.0,,,,,,,,344.0,340.0,344.0,337.0,342.0,240.0,213.0,203.0,157.0,157.0,160.0,200.0,332.0,354.0,305.0,311.0
26,308.0,308.0,316.0,332.0,342.0,332.0,333.0,327.0,351.0,375.0,365.0,388.0,348.0,280.0,178.0,240.0,237.0,270.0,260.0,302.0,325.0,359.0,405.0,440.0
27,424.0,436.0,419.0,429.0,417.0,416.0,393.0,372.0,367.0,376.0,405.0,406.0,390.0,357.0,253.0,123.0,117.0,118.0,112.0,130.0,217.0,332.0,401.0,433.0
28,427.0,420.0,429.0,397.0,395.0,402.0,409.0,420.0,393.0,391.0,,413.0,401.0,390.0,,308.0,305.0,293.0,303.0,302.0,344.0,378.0,356.0,398.0
29,401.0,401.0,407.0,414.0,414.0,395.0,414.0,401.0,,,421.0,402.0,413.0,410.0,411.0,437.0,449.0,447.0,440.0,,464.0,,,
30,,,,,,,,,425.0,,406.0,411.0,417.0,438.0,446.0,434.0,450.0,431.0,421.0,439.0,432.0,454.0,482.0,464.0
31,500.0,481.0,456.0,453.0,416.0,425.0,420.0,417.0,414.0,413.0,430.0,474.0,500.0,500.0,500.0,463.0,,449.0,114.0,422.0,468.0,486.0,496.0,500.0
"
"
November-2019,00:00:00,01:00:00,02:00:00,03:00:00,04:00:00,05:00:00,06:00:00,07:00:00,08:00:00,09:00:00,10:00:00,11:00:00,12:00:00,13:00:00,14:00:00,15:00:00,16:00:00,17:00:00,18:00:00,19:00:00,20:00:00,21:00:00,22:00:00,23:00:00
1,500.0,500.0,487.0,500.0,500.0,500.0,500.0,500.0,500.0,500.0,500.0,500.0,500.0,413.0,398.0,438.0,456.0,,348.0,398.0,395.0,414.0,396.0,375.0
2,359.0,351.0,351.0,369.0,390.0,414.0,416.0,432.0,430.0,435.0,462.0,500.0,500.0,477.0,444.0,382.0,385.0,424.0,454.0,,474.0,480.0,500.0,500.0
3,500.0,500.0,500.0,500.0,500.0,50.0,500.0,500.0,500.0,500.0,500.0,500.0,28.0,500.0,500.0,500.0,500.0,28.0,500.0,500.0,500.0,,500.0,447.0
4,,420.0,500.0,500.0,500.0,500.0,500.0,500.0,500.0,500.0,,451.0,392.0,305.0,253.0,240.0,131.0,130.0,105.0,149.0,240.0,306.0,315.0,332.0
5,311.0,470.0,483.0,500.0,500.0,500.0,500.0,500.0,469.0,446.0,406.0,346.0,287.0,160.0,122.0,119.0,126.0,114.0,147.0,170.0,233.0,342.0,,305.0
6,309.0,329.0,340.0,336.0,370.0,341.0,316.0,302.0,302.0,305.0,310.0,188.0,259.0,366.0,220.0,111.0,86.0,,103.0,217.0,,,270.0,
7,306.0,302.0,307.0,312.0,304.0,311.0,325.0,342.0,339.0,348.0,345.0,356.0,380.0,380.0,385.0,362.0,346.0,331.0,340.0,345.0,335.0,333.0,336.0,335.0
8,333.0,331.0,321.0,315.0,339.0,316.0,323.0,310.0,306.0,311.0,,273.0,187.0,99.0,127.0,233.0,177.0,,120.0,133.0,260.0,323.0,337.0,354.0
9,370.0,437.0,356.0,319.0,345.0,362.0,361.0,352.0,348.0,371.0,348.0,312.0,121.0,104.0,113.0,86.0,74.0,100.0,99.0,193.0,253.0,325.0,328.0,356.0
10,350.0,363.0,388.0,411.0,421.0,434.0,423.0,418.0,408.0,301.0,409.0,393.0,309.0,349.0,280.0,160.0,107.0,123.0,109.0,143.0,260.0,322.0,350.0,359.0
11,373.0,383.0,354.0,358.0,414.0,446.0,460.0,,477.0,481.0,500.0,500.0,500.0,432.0,374.0,332.0,303.0,230.0,213.0,270.0,318.0,342.0,374.0,408.0
12,444.0,487.0,483.0,500.0,500.0,500.0,500.0,500.0,500.0,500.0,500.0,500.0,500.0,483.0,434.0,382.0,346.0,332.0,341.0,375.0,420.0,437.0,463.0,469.0
13,477.0,487.0,500.0,499.0,459.0,500.0,500.0,500.0,500.0,500.0,500.0,500.0,419.0,396.0,440.0,432.0,399.0,217.0,370.0,387.0,401.0,418.0,423.0,437.0
14,453.0,447.0,446.0,447.0,453.0,,,,,,,,,,,,366.0,350.0,329.0,333.0,412.0,466.0,426.0,452.0
15,463.0,450.0,414.0,440.0,500.0,500.0,,,,,,,,,,,,322.0,,357.0,370.0,445.0,382.0,426.0
16,387.0,387.0,378.0,378.0,382.0,380.0,369.0,193.0,344.0,355.0,351.0,327.0,273.0,163.0,142.0,157.0,164.0,344.0,250.0,191.0,160.0,250.0,342.0,256.0
17,362.0,345.0,328.0,328.0,306.0,348.0,315.0,250.0,217.0,187.0,163.0,87.0,74.0,88.0,101.0,89.0,91.0,95.0,100.0,104.0,144.0,193.0,305.0,340.0
18,385.0,329.0,433.0,413.0,382.0,361.0,332.0,321.0,328.0,325.0,303.0,257.0,142.0,117.0,100.0,96.0,85.0,90.0,77.0,188.0,137.0,260.0,315.0,316.0
19,316.0,309.0,277.0,307.0,308.0,308.0,321.0,346.0,281.0,,,367.0,385.0,352.0,273.0,147.0,95.0,92.0,86.0,152.0,227.0,316.0,402.0,432.0
20,449.0,366.0,407.0,373.0,428.0,426.0,400.0,416.0,411.0,410.0,421.0,426.0,336.0,309.0,302.0,233.0,233.0,257.0,233.0,,257.0,302.0,,
21,371.0,370.0,366.0,363.0,365.0,376.0,371.0,371.0,391.0,422.0,405.0,426.0,380.0,306.0,318.0,305.0,267.0,270.0,260.0,360.0,344.0,338.0,365.0,395.0
22,383.0,380.0,395.0,396.0,398.0,417.0,412.0,432.0,412.0,426.0,442.0,427.0,425.0,344.0,337.0,315.0,257.0,,237.0,339.0,311.0,408.0,,
23,,,,,,,,,328.0,321.0,312.0,302.0,260.0,200.0,163.0,124.0,104.0,120.0,107.0,114.0,163.0,203.0,257.0,237.0
24,243.0,302.0,267.0,233.0,243.0,150.0,163.0,180.0,,250.0,302.0,277.0,183.0,90.0,76.0,83.0,,67.0,99.0,130.0,179.0,295.0,302.0,305.0
25,312.0,316.0,318.0,306.0,307.0,301.0,267.0,290.0,314.0,347.0,351.0,311.0,,112.0,98.0,107.0,113.0,111.0,92.0,109.0,170.0,260.0,177.0,253.0
26,290.0,270.0,270.0,257.0,217.0,200.0,220.0,237.0,240.0,,302.0,311.0,322.0,302.0,273.0,280.0,197.0,118.0,123.0,,131.0,,,
27,,,,,,,,36.0,52.0,73.0,101.0,109.0,128.0,141.0,127.0,136.0,,,59.0,203.0,167.0,167.0,67.0,52.0
28,44.0,72.0,64.0,123.0,35.0,34.0,37.0,61.0,,,,,,,,,,,57.0,67.0,59.0,48.0,57.0,75.0
29,67.0,73.0,42.0,30.0,37.0,37.0,,63.0,52.0,52.0,68.0,83.0,58.0,65.0,74.0,78.0,82.0,72.0,48.0,110.0,127.0,177.0,218.0,180.0
30,200.0,307.0,308.0,147.0,150.0,,,,143.0,,,170.0,200.0,,157.0,193.0,98.0,87.0,87.0,134.0,147.0,280.0,273.0,260.0
"
"
December-2019,00:00:00,01:00:00,02:00:00,03:00:00,04:00:00,05:00:00,06:00:00,07:00:00,08:00:00,09:00:00,10:00:00,11:00:00,12:00:00,13:00:00,14:00:00,15:00:00,16:00:00,17:00:00,18:00:00,19:00:00,20:00:00,21:00:00,22:00:00,23:00:00
1,305.0,240.0,182.0,172.0,180.0,185.0,223.0,280.0,302.0,305.0,315.0,332.0,,,,,332.0,,,,,,,
2,,,,,,,,,,,,,,,,,,,,,,,,
3,,,,,,,,,,,,,,,90.0,133.0,123.0,99.0,133.0,251.0,310.0,353.0,357.0,407.0
4,439.0,480.0,448.0,410.0,418.0,404.0,399.0,355.0,327.0,318.0,356.0,378.0,390.0,351.0,345.0,336.0,336.0,312.0,197.0,217.0,302.0,354.0,395.0,410.0
5,466.0,431.0,425.0,443.0,431.0,435.0,392.0,404.0,431.0,440.0,484.0,475.0,442.0,411.0,365.0,339.0,325.0,319.0,318.0,345.0,387.0,442.0,460.0,482.0
6,492.0,465.0,459.0,478.0,,423.0,421.0,407.0,397.0,424.0,,460.0,413.0,349.0,336.0,332.0,320.0,304.0,141.0,153.0,222.0,428.0,366.0,282.0
7,284.0,,299.0,265.0,283.0,354.0,332.0,283.0,,352.0,400.0,401.0,388.0,,334.0,,250.0,260.0,217.0,223.0,354.0,328.0,365.0,447.0
8,492.0,500.0,500.0,459.0,500.0,457.0,413.0,446.0,426.0,444.0,480.0,500.0,,,,,130.0,197.0,220.0,253.0,,,411.0,422.0
9,392.0,380.0,388.0,396.0,463.0,414.0,422.0,,406.0,413.0,434.0,431.0,443.0,366.0,,,301.0,267.0,260.0,297.0,316.0,398.0,420.0,429.0
10,429.0,417.0,401.0,376.0,397.0,382.0,,375.0,411.0,442.0,459.0,457.0,469.0,437.0,370.0,368.0,318.0,315.0,318.0,342.0,378.0,405.0,424.0,429.0
11,416.0,423.0,426.0,450.0,472.0,484.0,,423.0,424.0,446.0,467.0,481.0,500.0,500.0,479.0,438.0,420.0,413.0,401.0,417.0,433.0,460.0,453.0,476.0
12,471.0,500.0,460.0,471.0,452.0,467.0,450.0,,,,,,,,,,,,,,71.0,398.0,392.0,379.0
13,220.0,183.0,183.0,197.0,200.0,183.0,200.0,42.0,157.0,93.0,72.0,88.0,127.0,207.0,197.0,250.0,304.0,302.0,270.0,237.0,,,,
14,,,,,,,,,,,70.0,46.0,52.0,48.0,57.0,66.0,73.0,77.0,85.0,92.0,135.0,130.0,143.0,147.0
15,160.0,160.0,167.0,160.0,217.0,213.0,143.0,167.0,277.0,309.0,304.0,250.0,257.0,123.0,107.0,140.0,,97.0,,120.0,167.0,197.0,213.0,243.0
16,243.0,217.0,177.0,170.0,160.0,150.0,133.0,127.0,147.0,113.0,93.0,97.0,92.0,95.0,133.0,130.0,133.0,140.0,157.0,163.0,160.0,203.0,193.0,170.0
17,133.0,107.0,110.0,127.0,110.0,147.0,130.0,127.0,147.0,147.0,157.0,197.0,183.0,170.0,170.0,213.0,207.0,203.0,207.0,240.0,,304.0,426.0,
18,365.0,345.0,309.0,290.0,301.0,297.0,311.0,,,,297.0,280.0,277.0,293.0,287.0,280.0,253.0,240.0,303.0,302.0,306.0,345.0,336.0,335.0
19,336.0,338.0,348.0,344.0,328.0,61.0,60.0,60.0,95.0,101.0,340.0,376.0,405.0,438.0,483.0,477.0,457.0,442.0,467.0,471.0,,500.0,500.0,487.0
20,487.0,474.0,469.0,446.0,406.0,394.0,386.0,377.0,368.0,354.0,348.0,362.0,376.0,,480.0,,474.0,455.0,474.0,492.0,499.0,463.0,456.0,466.0
21,459.0,459.0,427.0,420.0,390.0,383.0,335.0,334.0,329.0,342.0,323.0,338.0,378.0,382.0,379.0,370.0,370.0,363.0,348.0,348.0,369.0,368.0,350.0,345.0
22,335.0,316.0,316.0,332.0,290.0,307.0,260.0,273.0,260.0,197.0,170.0,183.0,167.0,297.0,311.0,318.0,312.0,320.0,323.0,333.0,,,,
23,,,,,,,,,308.0,308.0,280.0,308.0,331.0,328.0,320.0,320.0,332.0,329.0,325.0,,,,,427.0
24,500.0,428.0,366.0,332.0,328.0,,339.0,331.0,325.0,311.0,311.0,337.0,353.0,369.0,372.0,378.0,404.0,395.0,369.0,373.0,395.0,426.0,430.0,434.0
25,452.0,433.0,368.0,306.0,197.0,200.0,157.0,163.0,157.0,147.0,150.0,193.0,260.0,304.0,297.0,306.0,332.0,346.0,331.0,325.0,312.0,311.0,309.0,308.0
26,316.0,331.0,345.0,342.0,,,320.0,,305.0,302.0,312.0,315.0,327.0,332.0,325.0,334.0,332.0,332.0,,331.0,358.0,345.0,357.0,333.0
27,312.0,320.0,325.0,307.0,315.0,315.0,302.0,315.0,318.0,327.0,338.0,366.0,388.0,,,,,,43.0,400.0,395.0,398.0,401.0,399.0
28,410.0,414.0,463.0,420.0,401.0,373.0,346.0,378.0,354.0,325.0,305.0,305.0,304.0,332.0,363.0,401.0,408.0,378.0,379.0,369.0,395.0,367.0,392.0,401.0
29,387.0,382.0,373.0,378.0,375.0,382.0,359.0,358.0,354.0,365.0,382.0,398.0,75.0,423.0,424.0,409.0,370.0,,,,,,,
30,,,,,,,,,319.0,319.0,90.0,280.0,312.0,342.0,400.0,393.0,407.0,443.0,500.0,487.0,456.0,430.0,398.0,
31,348.0,352.0,371.0,399.0,362.0,376.0,348.0,,,,,413.0,434.0,428.0,408.0,393.0,351.0,350.0,345.0,353.0,375.0,373.0,435.0,
"
"
Year,2020
January-2020,00:00:00,01:00:00,02:00:00,03:00:00,04:00:00,05:00:00,06:00:00,07:00:00,08:00:00,09:00:00,10:00:00,11:00:00,12:00:00,13:00:00,14:00:00,15:00:00,16:00:00,17:00:00,18:00:00,19:00:00,20:00:00,21:00:00,22:00:00,23:00:00
1,431.0,412.0,408.0,410.0,404.0,469.0,450.0,485.0,428.0,422.0,479.0,492.0,449.0,352.0,318.0,250.0,257.0,,253.0,287.0,312.0,,355.0,
2,414.0,409.0,422.0,420.0,423.0,427.0,431.0,469.0,453.0,395.0,403.0,406.0,404.0,354.0,237.0,233.0,123.0,95.0,95.0,150.0,147.0,277.0,370.0,467.0
3,477.0,481.0,455.0,418.0,417.0,426.0,437.0,358.0,348.0,350.0,384.0,391.0,334.0,319.0,,87.0,147.0,88.0,107.0,177.0,349.0,376.0,375.0,401.0
4,429.0,,,,447.0,,410.0,411.0,401.0,,410.0,,403.0,408.0,320.0,310.0,233.0,213.0,203.0,260.0,318.0,342.0,363.0,395.0
5,419.0,392.0,388.0,407.0,356.0,372.0,358.0,361.0,378.0,,,405.0,352.0,352.0,312.0,237.0,230.0,72.0,243.0,,,339.0,348.0,
6,337.0,339.0,309.0,312.0,332.0,352.0,354.0,,,437.0,407.0,,,,342.0,,280.0,322.0,336.0,233.0,220.0,213.0,160.0,157.0
7,170.0,167.0,157.0,170.0,193.0,187.0,,187.0,,267.0,,,207.0,,287.0,280.0,302.0,287.0,193.0,160.0,,,,267.0
8,,,,,,,,,,70.0,73.0,70.0,93.0,170.0,55.0,233.0,253.0,260.0,243.0,293.0,277.0,260.0,183.0,
9,147.0,107.0,98.0,98.0,68.0,97.0,92.0,85.0,143.0,147.0,140.0,167.0,,,,,113.0,93.0,97.0,,193.0,301.0,316.0,315.0
10,310.0,345.0,333.0,207.0,170.0,170.0,193.0,,187.0,197.0,,267.0,318.0,,315.0,301.0,,140.0,127.0,133.0,267.0,315.0,316.0,318.0
11,,297.0,315.0,293.0,301.0,273.0,333.0,301.0,290.0,,,,,106.0,,140.0,,,,,306.0,390.0,,
12,,,,,,,,,,,390.0,404.0,404.0,328.0,325.0,302.0,253.0,240.0,230.0,293.0,340.0,378.0,397.0,
13,392.0,,410.0,388.0,396.0,392.0,392.0,416.0,407.0,391.0,,356.0,332.0,335.0,,,,,,,,,,
14,,,,,,,,,,,,,312.0,341.0,344.0,160.0,150.0,163.0,120.0,107.0,140.0,,237.0,309.0
15,290.0,273.0,180.0,127.0,95.0,147.0,,,,,,,,,323.0,334.0,328.0,230.0,180.0,233.0,310.0,323.0,,321.0
16,319.0,302.0,223.0,197.0,,,,,,,,,302.0,305.0,336.0,322.0,297.0,287.0,308.0,337.0,333.0,325.0,324.0,321.0
17,311.0,316.0,309.0,,,,,,,,,,,293.0,293.0,253.0,157.0,170.0,140.0,127.0,167.0,233.0,318.0,304.0
18,170.0,187.0,123.0,93.0,95.0,96.0,103.0,120.0,140.0,133.0,40.0,85.0,,302.0,355.0,341.0,311.0,302.0,253.0,237.0,,342.0,345.0,309.0
19,316.0,301.0,270.0,293.0,301.0,180.0,193.0,143.0,157.0,177.0,197.0,233.0,277.0,293.0,253.0,290.0,273.0,287.0,267.0,302.0,311.0,312.0,303.0,237.0
20,223.0,200.0,180.0,197.0,177.0,200.0,200.0,207.0,233.0,260.0,303.0,310.0,311.0,328.0,312.0,310.0,318.0,329.0,332.0,329.0,104.0,370.0,374.0,376.0
21,362.0,367.0,398.0,,382.0,372.0,370.0,376.0,372.0,367.0,,,,452.0,,446.0,429.0,426.0,433.0,416.0,410.0,395.0,382.0,357.0
22,332.0,325.0,101.0,311.0,,,,,,,,,305.0,312.0,332.0,,325.0,302.0,,253.0,318.0,370.0,352.0,311.0
23,240.0,143.0,143.0,207.0,167.0,177.0,177.0,170.0,200.0,217.0,163.0,160.0,103.0,81.0,89.0,80.0,78.0,64.0,66.0,100.0,137.0,163.0,163.0,
24,183.0,230.0,240.0,140.0,167.0,147.0,143.0,147.0,170.0,213.0,170.0,130.0,113.0,103.0,101.0,101.0,85.0,,,,,,73.0,302.0
25,342.0,320.0,318.0,312.0,319.0,323.0,331.0,338.0,384.0,405.0,350.0,365.0,332.0,329.0,,,,,44.0,163.0,240.0,320.0,387.0,384.0
26,404.0,428.0,434.0,419.0,435.0,410.0,456.0,426.0,410.0,382.0,436.0,,371.0,338.0,287.0,197.0,187.0,133.0,93.0,,,,,
27,,,,,,,,,,,,,387.0,385.0,,,55.0,187.0,,320.0,,,,
28,,,,,,,,,,,,,267.0,273.0,253.0,267.0,295.0,302.0,303.0,303.0,160.0,260.0,217.0,
29,250.0,308.0,277.0,177.0,302.0,183.0,183.0,163.0,180.0,143.0,113.0,130.0,120.0,113.0,95.0,70.0,50.0,63.0,63.0,69.0,156.0,237.0,270.0,306.0
30,273.0,220.0,,,101.0,91.0,99.0,123.0,120.0,207.0,273.0,280.0,303.0,147.0,107.0,85.0,68.0,73.0,70.0,75.0,91.0,,143.0,183.0
31,163.0,160.0,127.0,,130.0,127.0,130.0,163.0,243.0,,95.0,183.0,200.0,257.0,197.0,107.0,78.0,69.0,63.0,,114.0,287.0,318.0,277.0
"
"
February-2020,00:00:00,01:00:00,02:00:00,03:00:00,04:00:00,05:00:00,06:00:00,07:00:00,08:00:00,09:00:00,10:00:00,11:00:00,12:00:00,13:00:00,14:00:00,15:00:00,16:00:00,17:00:00,18:00:00,19:00:00,20:00:00,21:00:00,22:00:00,23:00:00
1,328.0,,,312.0,311.0,308.0,280.0,297.0,90.0,230.0,323.0,348,382.0,375.0,113.0,87.0,97.0,88.0,80.0,100.0,129.0,,290.0,273.0
2,,,,,307.0,243.0,127.0,123.0,140.0,140.0,170.0,220,280.0,305.0,302.0,,177.0,160.0,163.0,,278.0,312.0,335.0,331.0
3,350.0,359.0,357.0,349.0,346.0,332.0,327.0,,342.0,352.0,373.0,388,290.0,230.0,123.0,140.0,83.0,77.0,81.0,109.0,170.0,297.0,325.0,374.0
4,369.0,375.0,340.0,318.0,342.0,,,325.0,327.0,315.0,332.0,361,402.0,417.0,325.0,308.0,320.0,306.0,302.0,328.0,359.0,403.0,363.0,342.0
5,338.0,338.0,362.0,359.0,404.0,349.0,341.0,359.0,382.0,399.0,379.0,359,342.0,213.0,105.0,85.0,80.0,95.0,,,,,312.0,290.0
6,,,183.0,170.0,233.0,342.0,329.0,,,,365.0,390,371.0,,,,,113.0,133.0,147.0,217.0,297.0,315.0,314.0
7,329.0,331.0,329.0,349.0,328.0,320.0,345.0,355.0,346.0,328.0,338.0,332,240.0,177.0,197.0,,40.0,79.0,77.0,96.0,125.0,167.0,273.0,312.0
8,334.0,336.0,344.0,393.0,366.0,358.0,338.0,331.0,334.0,351.0,342.0,350,345.0,328.0,,,,113.0,127.0,53.0,68.0,141.0,149.0,139.0
9,145.0,144.0,157.0,134.0,124.0,429.0,210.0,260.0,282.0,,,210,193.0,169.0,137.0,119.0,99.0,95.0,,101.0,,,215.0,
10,,,,,,,,,301.0,335.0,321.0,276,246.0,312.0,200.0,170.0,157.0,140.0,140.0,,233.0,,399.0,417.0
11,414.0,375.0,366.0,,375.0,345.0,335.0,331.0,350.0,363.0,375.0,388,328.0,240.0,220.0,207.0,150.0,150.0,160.0,207.0,277.0,315.0,408.0,376.0
12,406.0,413.0,362.0,336.0,,,,361.0,354.0,342.0,369.0,391,358.0,332.0,280.0,237.0,237.0,,240.0,220.0,223.0,310.0,338.0,338.0
13,334.0,290.0,207.0,267.0,260.0,277.0,277.0,270.0,257.0,301.0,290.0,237,167.0,123.0,112.0,119.0,150.0,140.0,130.0,131.0,193.0,163.0,207.0,197.0
14,163.0,200.0,240.0,267.0,323.0,233.0,163.0,237.0,260.0,270.0,253.0,187,127.0,108.0,113.0,137.0,193.0,133.0,114.0,107.0,113.0,160.0,125.0,115.0
15,127.0,183.0,260.0,314.0,315.0,318.0,314.0,302.0,280.0,277.0,233.0,273,150.0,123.0,119.0,129.0,133.0,125.0,119.0,84.0,127.0,233.0,302.0,253.0
16,306.0,348.0,351.0,356.0,342.0,351.0,353.0,379.0,392.0,437.0,456.0,440,342.0,320.0,187.0,130.0,137.0,,,,143.0,,,
17,439.0,422.0,341.0,345.0,354.0,372.0,363.0,355.0,375.0,424.0,437.0,390,,,,,,,,310.0,72.0,267.0,302.0,322.0
18,346.0,349.0,318.0,333.0,336.0,342.0,357.0,351.0,366.0,386.0,401.0,331,319.0,220.0,160.0,133.0,,132.0,132.0,137.0,152.0,277.0,403.0,420.0
19,426.0,431.0,417.0,407.0,376.0,390.0,372.0,373.0,348.0,362.0,414.0,466,302.0,187.0,144.0,145.0,148.0,171.0,170.0,203.0,237.0,304.0,321.0,311.0
20,308.0,306.0,,303.0,314.0,315.0,310.0,318.0,320.0,325.0,335.0,328,303.0,,,,,,95.0,146.0,167.0,253.0,,307.0
21,273.0,120.0,233.0,180.0,160.0,107.0,85.0,78.0,78.0,61.0,60.0,125,65.0,58.0,54.0,65.0,62.0,63.0,56.0,39.0,31.0,42.0,68.0,65.0
22,57.0,60.0,63.0,68.0,94.0,68.0,70.0,63.0,,,70.0,67,51.0,55.0,79.0,81.0,86.0,85.0,,58.0,55.0,94.0,213.0,312.0
23,308.0,312.0,301.0,,193.0,170.0,183.0,213.0,303.0,312.0,322.0,305,253.0,157.0,107.0,110.0,167.0,110.0,110.0,94.0,129.0,147.0,203.0,65.0
24,45.0,138.0,122.0,117.0,115.0,64.0,103.0,89.0,91.0,167.0,280.0,170,124.0,95.0,79.0,76.0,79.0,82.0,86.0,90.0,131.0,180.0,,304.0
25,304.0,177.0,187.0,213.0,290.0,311.0,305.0,320.0,335.0,353.0,385.0,366,338.0,,,,,338.0,76.0,46.0,123.0,233.0,267.0,314.0
26,320.0,325.0,391.0,348.0,423.0,334.0,312.0,314.0,346.0,451.0,445.0,443,408.0,328.0,253.0,237.0,140.0,96.0,108.0,167.0,126.0,230.0,267.0,301.0
27,332.0,315.0,320.0,304.0,287.0,270.0,267.0,240.0,270.0,223.0,312.0,328,341.0,335.0,325.0,318.0,280.0,217.0,200.0,187.0,213.0,277.0,306.0,325.0
28,324.0,307.0,290.0,301.0,230.0,223.0,220.0,237.0,260.0,290.0,309.0,302,177.0,167.0,160.0,187.0,167.0,,167.0,191.0,,143.0,180.0,
29,180.0,213.0,312.0,177.0,180.0,170.0,222.0,207.0,244.0,233.0,,163,109.0,,140.0,120.0,108.0,101.0,107.0,83.0,,45.0,,
"
"
March-2020,00:00:00,01:00:00,02:00:00,03:00:00,04:00:00,05:00:00,06:00:00,07:00:00,08:00:00,09:00:00,10:00:00,11:00:00,12:00:00,13:00:00,14:00:00,15:00:00,16:00:00,17:00:00,18:00:00,19:00:00,20:00:00,21:00:00,22:00:00,23:00:00
1,40.0,51.0,64.0,33.0,50.0,72.0,61.0,120.0,48.0,58.0,50.0,40.0,59.0,100.0,100.0,79.0,94.0,104.0,109.0,101.0,,,183.0,177.0
2,200.0,267.0,270.0,240.0,,250.0,270.0,270.0,277.0,287.0,319.0,260.0,97.0,86.0,,111.0,,,,,,,,
3,,,,,,,,,,,,342.0,,203.0,187.0,94.0,102.0,78.0,74.0,91.0,100.0,79.0,119.0,115.0
4,200.0,230.0,287.0,257.0,277.0,305.0,280.0,302.0,323.0,311.0,334.0,273.0,,,,,,,48.0,107.0,88.0,48.0,30.0,45.0
5,30.0,43.0,46.0,55.0,35.0,29.0,32.0,32.0,47.0,57.0,65.0,92.0,,,,,,,68.0,50.0,64.0,101.0,41.0,40.0
6,34.0,36.0,40.0,38.0,,34.0,52.0,41.0,58.0,47.0,40.0,42.0,31.0,36.0,30.0,,35.0,35.0,34.0,,35.0,42.0,47.0,55.0
7,57.0,48.0,40.0,42.0,40.0,47.0,35.0,45.0,45.0,50.0,50.0,57.0,56.0,58.0,70.0,83.0,88.0,100.0,101.0,91.0,99.0,110.0,163.0,143.0
8,157.0,130.0,103.0,,89.0,110.0,97.0,73.0,103.0,143.0,167.0,140.0,260.0,314.0,92.0,83.0,63.0,44.0,40.0,36.0,59.0,94.0,130.0,167.0
9,207.0,48.0,73.0,68.0,110.0,133.0,73.0,63.0,60.0,65.0,64.0,68.0,80.0,91.0,78.0,74.0,70.0,67.0,,,85.0,149.0,162.0,230.0
10,301.0,316.0,325.0,314.0,302.0,303.0,287.0,287.0,207.0,163.0,187.0,96.0,66.0,79.0,70.0,83.0,81.0,92.0,79.0,72.0,105.0,133.0,119.0,84.0
11,83.0,84.0,87.0,85.0,97.0,157.0,123.0,120.0,157.0,143.0,127.0,167.0,105.0,101.0,97.0,92.0,91.0,91.0,88.0,89.0,86.0,112.0,114.0,111.0
12,92.0,83.0,120.0,111.0,119.0,121.0,118.0,68.0,50.0,63.0,92.0,177.0,,207.0,170.0,122.0,107.0,103.0,101.0,99.0,101.0,112.0,141.0,167.0
13,187.0,,367.0,,,,297.0,240.0,260.0,311.0,324.0,315.0,253.0,155.0,,186.0,251.0,266.0,230.0,238.0,190.0,193.0,120.0,120.0
14,93.0,87.0,80.0,83.0,52.0,73.0,58.0,35.0,35.0,55.0,60.0,55.0,55.0,52.0,51.0,52.0,60.0,53.0,63.0,111.0,72.0,65.0,85.0,88.0
15,60.0,48.0,57.0,75.0,80.0,72.0,107.0,89.0,170.0,110.0,150.0,217.0,200.0,77.0,61.0,65.0,62.0,68.0,64.0,72.0,74.0,133.0,121.0,121.0
16,114.0,99.0,95.0,101.0,123.0,101.0,91.0,83.0,105.0,187.0,163.0,101.0,,,,,,,,,,,60.0,123.0
17,193.0,293.0,180.0,141.0,122.0,95.0,105.0,105.0,116.0,112.0,130.0,119.0,115.0,99.0,73.0,67.0,70.0,72.0,74.0,69.0,90.0,140.0,270.0,
18,,,,,,,,,,,,,45.0,72.0,88.0,75.0,92.0,81.0,90.0,85.0,102.0,124.0,138.0,150.0
19,266.0,217.0,299.0,249.0,319.0,175.0,237.0,322.0,337.0,374.0,367.0,217.0,160.0,130.0,123.0,117.0,105.0,104.0,105.0,105.0,127.0,123.0,120.0,230.0
20,203.0,237.0,309.0,267.0,250.0,200.0,217.0,237.0,267.0,290.0,329.0,200.0,,,,,96.0,86.0,97.0,114.0,123.0,111.0,199.0,308.0
21,309.0,340.0,411.0,305.0,293.0,306.0,321.0,335.0,349.0,331.0,293.0,167.0,177.0,177.0,203.0,257.0,243.0,250.0,170.0,133.0,157.0,237.0,255.0,308.0
22,315.0,304.0,297.0,297.0,293.0,312.0,309.0,305.0,257.0,250.0,277.0,230.0,167.0,147.0,113.0,79.0,68.0,61.0,60.0,59.0,55.0,88.0,112.0,118.0
23,114.0,131.0,150.0,93.0,95.0,80.0,105.0,117.0,107.0,197.0,,,,,,,,,,,,,,
24,,,,123.0,183.0,197.0,240.0,217.0,250.0,287.0,193.0,107.0,88.0,96.0,113.0,103.0,89.0,90.0,72.0,35.0,45.0,45.0,70.0,44.0
25,51.0,90.0,90.0,78.0,78.0,80.0,86.0,93.0,39.0,36.0,83.0,65.0,64.0,,52.0,,,50.0,61.0,,74.0,73.0,,86.0
26,,,,,107.0,,,180.0,143.0,160.0,103.0,72.0,62.0,45.0,47.0,,58.0,58.0,,,69.0,81.0,92.0,108.0
27,160.0,133.0,133.0,84.0,55.0,46.0,39.0,40.0,50.0,47.0,58.0,56.0,73.0,57.0,30.0,31.0,34.0,36.0,38.0,38.0,37.0,36.0,33.0,31.0
28,31.0,35.0,35.0,20.0,39.0,42.0,33.0,33.0,37.0,41.0,47.0,31.0,32.0,31.0,34.0,36.0,,,,,,51.0,73.0,84.0
29,63.0,57.0,46.0,46.0,47.0,47.0,46.0,51.0,54.0,91.0,60.0,57.0,60.0,58.0,52.0,53.0,50.0,48.0,48.0,47.0,45.0,95.0,104.0,90.0
30,80.0,76.0,63.0,64.0,57.0,58.0,61.0,64.0,80.0,99.0,105.0,79.0,58.0,64.0,48.0,57.0,49.0,51.0,50.0,50.0,64.0,119.0,113.0,146.0
31,170.0,200.0,154.0,115.0,65.0,65.0,62.0,60.0,63.0,63.0,80.0,64.0,60.0,60.0,50.0,51.0,51.0,52.0,51.0,62.0,70.0,71.0,69.0,109.0
"
"
April-2020,00:00:00,01:00:00,02:00:00,03:00:00,04:00:00,05:00:00,06:00:00,07:00:00,08:00:00,09:00:00,10:00:00,11:00:00,12:00:00,13:00:00,14:00:00,15:00:00,16:00:00,17:00:00,18:00:00,19:00:00,20:00:00,21:00:00,22:00:00,23:00:00
1,62.0,54.0,51.0,56.0,60.0,78.0,64.0,62.0,79.0,111.0,200.0,116.0,140.0,,,,,,,,53.0,59.0,86.0,97.0
2,84.0,68.0,82.0,73.0,63.0,51.0,60.0,71.0,98.0,78.0,71.0,70.0,64.0,62.0,60.0,54.0,56.0,,56.0,54.0,69.0,87.0,76.0,78.0
3,62.0,65.0,64.0,52.0,50.0,85.0,76.0,74.0,143.0,193.0,87.0,68.0,58.0,59.0,59.0,60.0,60.0,59.0,58.0,52.0,50.0,75.0,155.0,158.0
4,159.0,145.0,117.0,107.0,101.0,104.0,89.0,96.0,140.0,223.0,107.0,80.0,60.0,62.0,63.0,56.0,56.0,54.0,55.0,52.0,57.0,87.0,161.0,150.0
5,309.0,207.0,307.0,187.0,167.0,167.0,123.0,113.0,127.0,140.0,197.0,240.0,96.0,74.0,68.0,64.0,66.0,65.0,65.0,71.0,,,,260.0
6,250.0,213.0,257.0,270.0,305.0,306.0,277.0,311.0,293.0,305.0,325.0,223.0,130.0,101.0,67.0,73.0,64.0,69.0,71.0,87.0,105.0,119.0,139.0,105.0
7,99.0,93.0,97.0,101.0,75.0,59.0,64.0,86.0,101.0,187.0,135.0,119.0,155.0,158.0,117.0,89.0,78.0,81.0,95.0,82.0,101.0,109.0,91.0,117.0
8,119.0,108.0,123.0,108.0,105.0,119.0,120.0,76.0,63.0,80.0,93.0,89.0,78.0,87.0,81.0,79.0,74.0,62.0,68.0,67.0,70.0,,,40.0
9,105.0,91.0,79.0,79.0,82.0,71.0,64.0,70.0,110.0,197.0,217.0,,,67.0,63.0,61.0,65.0,68.0,59.0,57.0,89.0,96.0,123.0,170.0
10,170.0,172.0,223.0,240.0,170.0,143.0,160.0,161.0,163.0,230.0,161.0,113.0,67.0,58.0,61.0,59.0,,,,,,,,
11,,,137.0,197.0,165.0,178.0,133.0,128.0,,,,119.0,117.0,89.0,122.0,,76.0,103.0,100.0,89.0,101.0,127.0,126.0,105.0
12,93.0,98.0,95.0,76.0,69.0,63.0,91.0,70.0,112.0,213.0,140.0,110.0,90.0,82.0,81.0,85.0,80.0,75.0,80.0,70.0,112.0,123.0,117.0,149.0
13,185.0,150.0,131.0,143.0,167.0,293.0,170.0,143.0,320.0,329.0,301.0,112.0,,98.0,102.0,,81.0,92.0,97.0,96.0,127.0,234.0,194.0,187.0
14,165.0,150.0,160.0,224.0,180.0,142.0,153.0,171.0,177.0,,,,,,,,112.0,114.0,131.0,153.0,156.0,324.0,206.0,280.0
15,315.0,303.0,268.0,223.0,302.0,270.0,302.0,273.0,270.0,,,,,,,,,,,105.0,155.0,193.0,285.0,246.0
16,306.0,300.0,275.0,294.0,334.0,304.0,191.0,219.0,237.0,257.0,306.0,310.0,270.0,223.0,,,,,,68.0,104.0,135.0,176.0,178.0
17,163.0,139.0,132.0,108.0,117.0,121.0,185.0,105.0,90.0,123.0,117.0,91.0,73.0,82.0,71.0,76.0,88.0,93.0,92.0,97.0,95.0,119.0,80.0,104.0
18,131.0,156.0,158.0,107.0,93.0,79.0,131.0,69.0,,50.0,79.0,79.0,86.0,100.0,98.0,100.0,107.0,108.0,105.0,175.0,116.0,131.0,139.0,145.0
19,103.0,78.0,90.0,57.0,54.0,32.0,45.0,42.0,51.0,87.0,193.0,95.0,87.0,92.0,,85.0,84.0,85.0,85.0,83.0,68.0,119.0,221.0,191.0
20,214.0,240.0,307.0,237.0,250.0,257.0,253.0,257.0,267.0,318.0,332.0,175.0,123.0,109.0,96.0,76.0,80.0,68.0,66.0,58.0,51.0,104.0,240.0,92.0
21,98.0,91.0,101.0,91.0,106.0,98.0,113.0,90.0,104.0,157.0,217.0,,80.0,85.0,85.0,84.0,82.0,84.0,108.0,87.0,84.0,124.0,179.0,189.0
22,187.0,214.0,220.0,182.0,257.0,238.0,230.0,242.0,282.0,267.0,150.0,89.0,90.0,93.0,90.0,92.0,94.0,97.0,98.0,90.0,134.0,211.0,160.0,252.0
23,,284.0,200.0,280.0,,311.0,,237.0,177.0,131.0,147.0,122.0,97.0,,87.0,115.0,67.0,104.0,75.0,84.0,102.0,137.0,199.0,
24,,,303.0,270.0,233.0,273.0,302.0,304.0,312.0,332.0,230.0,131.0,119.0,123.0,131.0,130.0,117.0,115.0,126.0,112.0,126.0,191.0,238.0,268.0
25,221.0,163.0,151.0,148.0,157.0,147.0,87.0,87.0,76.0,65.0,68.0,76.0,78.0,86.0,86.0,94.0,100.0,98.0,96.0,94.0,79.0,147.0,401.0,257.0
26,233.0,210.0,185.0,210.0,240.0,193.0,178.0,310.0,267.0,230.0,153.0,106.0,70.0,153.0,123.0,80.0,68.0,57.0,70.0,73.0,71.0,93.0,87.0,59.0
27,74.0,,,,,,,,81.0,68.0,65.0,76.0,78.0,86.0,92.0,96.0,97.0,99.0,93.0,85.0,81.0,62.0,56.0,60.0
28,78.0,73.0,82.0,93.0,120.0,163.0,93.0,85.0,96.0,113.0,103.0,89.0,94.0,92.0,98.0,101.0,108.0,112.0,113.0,101.0,96.0,207.0,285.0,171.0
29,203.0,,253.0,207.0,,217.0,180.0,193.0,177.0,207.0,113.0,92.0,97.0,108.0,112.0,122.0,125.0,124.0,123.0,108.0,146.0,270.0,240.0,
30,,,,,,,,,,,117.0,94.0,118.0,137.0,127.0,143.0,135.0,125.0,125.0,183.0,109.0,112.0,119.0,129.0
"
"
May-2020,00:00:00,01:00:00,02:00:00,03:00:00,04:00:00,05:00:00,06:00:00,07:00:00,08:00:00,09:00:00,10:00:00,11:00:00,12:00:00,13:00:00,14:00:00,15:00:00,16:00:00,17:00:00,18:00:00,19:00:00,20:00:00,21:00:00,22:00:00,23:00:00
1,183.0,197.0,187.0,223.0,233.0,240.0,257.0,180.0,177.0,183.0,143.0,141.0,152.0,141.0,,,136.0,149.0,137.0,142.0,175.0,157.0,145.0,115.0
2,109.0,91.0,87.0,81.0,85.0,85.0,82.0,85.0,92.0,103.0,106.0,110.0,129.0,130.0,133.0,170.0,129.0,119.0,117.0,123.0,145.0,145.0,150.0,149.0
3,137.0,117.0,124.0,110.0,105.0,127.0,113.0,105.0,143.0,87.0,74.0,80.0,79.0,97.0,124.0,78.0,83.0,84.0,98.0,89.0,102.0,,,
4,,,,,,,,,,,,,,63.0,80.0,84.0,90.0,94.0,96.0,86.0,58.0,107.0,111.0,116.0
5,140.0,187.0,,163.0,150.0,147.0,,,,,99.0,91.0,101.0,101.0,105.0,100.0,104.0,107.0,110.0,112.0,86.0,130.0,159.0,311.0
6,230.0,253.0,243.0,203.0,207.0,153.0,123.0,147.0,116.0,126.0,138.0,,155.0,138.0,146.0,140.0,130.0,123.0,129.0,112.0,119.0,,304.0,230.0
7,209.0,202.0,81.0,57.0,54.0,57.0,52.0,48.0,59.0,67.0,71.0,82.0,101.0,113.0,130.0,130.0,123.0,132.0,131.0,117.0,94.0,180.0,230.0,207.0
8,230.0,193.0,237.0,260.0,267.0,,213.0,193.0,114.0,130.0,103.0,128.0,155.0,156.0,144.0,145.0,159.0,150.0,148.0,134.0,127.0,153.0,301.0,267.0
9,304.0,301.0,320.0,321.0,177.0,98.0,80.0,100.0,122.0,127.0,113.0,114.0,130.0,137.0,154.0,162.0,164.0,171.0,159.0,129.0,155.0,147.0,155.0,163.0
10,122.0,133.0,107.0,94.0,91.0,107.0,217.0,167.0,140.0,126.0,129.0,131.0,147.0,177.0,80.0,74.0,77.0,79.0,83.0,78.0,68.0,86.0,312.0,305.0
11,123.0,233.0,113.0,83.0,80.0,68.0,78.0,140.0,150.0,143.0,89.0,90.0,108.0,123.0,142.0,147.0,151.0,146.0,147.0,135.0,103.0,213.0,200.0,170.0
12,250.0,177.0,127.0,127.0,113.0,93.0,86.0,83.0,75.0,86.0,90.0,101.0,116.0,124.0,120.0,145.0,132.0,116.0,118.0,120.0,100.0,123.0,220.0,150.0
13,147.0,180.0,301.0,302.0,257.0,237.0,250.0,297.0,233.0,181.0,184.0,188.0,179.0,200.0,,141.0,134.0,137.0,137.0,123.0,123.0,135.0,336.0,
14,319.0,,338.0,319.0,,193.0,177.0,217.0,197.0,170.0,200.0,164.0,176.0,175.0,161.0,152.0,,150.0,,273.0,123.0,87.0,77.0,75.0
15,92.0,127.0,197.0,68.0,107.0,66.0,47.0,40.0,,90.0,83.0,82.0,,,123.0,134.0,123.0,115.0,121.0,109.0,97.0,133.0,213.0,325.0
16,354.0,362.0,348.0,328.0,302.0,213.0,157.0,107.0,160.0,157.0,109.0,114.0,117.0,112.0,134.0,,,141.0,129.0,101.0,109.0,142.0,160.0,273.0
17,328.0,335.0,327.0,316.0,319.0,323.0,372.0,401.0,402.0,383.0,351.0,185.0,200.0,154.0,131.0,173.0,162.0,136.0,120.0,111.0,122.0,206.0,197.0,184.0
18,240.0,270.0,304.0,323.0,344.0,332.0,327.0,338.0,358.0,336.0,331.0,277.0,187.0,123.0,111.0,138.0,138.0,124.0,243.0,123.0,109.0,131.0,146.0,277.0
19,250.0,362.0,318.0,315.0,331.0,331.0,332.0,351.0,403.0,372.0,346.0,321.0,141.0,133.0,111.0,114.0,150.0,194.0,186.0,147.0,304.0,257.0,237.0,328.0
20,273.0,240.0,250.0,250.0,303.0,312.0,302.0,273.0,217.0,150.0,183.0,146.0,128.0,125.0,130.0,141.0,131.0,124.0,,109.0,114.0,129.0,152.0,352.0
21,223.0,164.0,142.0,133.0,130.0,137.0,167.0,163.0,187.0,193.0,159.0,149.0,145.0,141.0,131.0,131.0,133.0,130.0,124.0,123.0,127.0,146.0,215.0,278.0
22,199.0,244.0,309.0,329.0,,,355.0,388.0,399.0,416.0,331.0,303.0,200.0,148.0,144.0,117.0,118.0,102.0,,,,,,
23,,,,,,,,,,,,,199.0,173.0,182.0,145.0,127.0,121.0,115.0,115.0,148.0,233.0,318.0,309.0
24,289.0,224.0,185.0,209.0,267.0,230.0,305.0,338.0,351.0,307.0,305.0,207.0,175.0,129.0,139.0,89.0,121.0,141.0,112.0,119.0,117.0,141.0,163.0,135.0
25,141.0,137.0,131.0,126.0,164.0,179.0,253.0,309.0,270.0,200.0,166.0,,101.0,102.0,105.0,119.0,138.0,119.0,130.0,99.0,109.0,134.0,160.0,185.0
26,207.0,232.0,,191.0,308.0,340.0,401.0,396.0,319.0,257.0,202.0,165.0,155.0,148.0,121.0,,,,,97.0,123.0,177.0,261.0,362.0
27,170.0,131.0,141.0,148.0,189.0,125.0,122.0,,114.0,149.0,164.0,199.0,197.0,177.0,170.0,177.0,160.0,145.0,149.0,105.0,135.0,188.0,268.0,408.0
28,153.0,109.0,84.0,100.0,153.0,282.0,261.0,263.0,188.0,197.0,222.0,238.0,278.0,416.0,278.0,255.0,201.0,186.0,185.0,204.0,229.0,197.0,95.0,57.0
29,41.0,39.0,33.0,34.0,33.0,35.0,42.0,89.0,97.0,78.0,74.0,79.0,,85.0,,,104.0,108.0,118.0,83.0,59.0,60.0,41.0,67.0
30,48.0,45.0,63.0,42.0,30.0,35.0,57.0,77.0,58.0,38.0,57.0,58.0,52.0,65.0,72.0,72.0,77.0,73.0,66.0,68.0,72.0,101.0,91.0,97.0
31,92.0,62.0,67.0,63.0,52.0,33.0,30.0,30.0,30.0,38.0,36.0,50.0,50.0,50.0,65.0,60.0,59.0,42.0,45.0,35.0,42.0,57.0,32.0,38.0
"
"
June-2020,00:00:00,01:00:00,02:00:00,03:00:00,04:00:00,05:00:00,06:00:00,07:00:00,08:00:00,09:00:00,10:00:00,11:00:00,12:00:00,13:00:00,14:00:00,15:00:00,16:00:00,17:00:00,18:00:00,19:00:00,20:00:00,21:00:00,22:00:00,23:00:00
1,30.0,35.0,38.0,47.0,48.0,42.0,37.0,38.0,53.0,78.0,127.0,88.0,73.0,50.0,47.0,54.0,76.0,84.0,88.0,84.0,56.0,58.0,101.0,115.0
2,143.0,120.0,118.0,150.0,123.0,130.0,183.0,243.0,103.0,39.0,45.0,61.0,88.0,116.0,113.0,95.0,90.0,96.0,98.0,88.0,71.0,94.0,75.0,78.0
3,102.0,105.0,121.0,119.0,104.0,,103.0,157.0,217.0,217.0,253.0,107.0,96.0,99.0,88.0,95.0,,113.0,91.0,83.0,66.0,78.0,81.0,147.0
4,167.0,185.0,165.0,199.0,149.0,131.0,146.0,157.0,230.0,320.0,312.0,147.0,147.0,117.0,,,,,,,,,,
5,,,,,,,,,,,,,,131.0,152.0,165.0,164.0,93.0,89.0,73.0,85.0,115.0,118.0,107.0
6,133.0,119.0,85.0,91.0,107.0,67.0,64.0,102.0,,97.0,107.0,109.0,107.0,114.0,115.0,128.0,134.0,135.0,146.0,134.0,104.0,101.0,127.0,157.0
7,124.0,177.0,197.0,230.0,237.0,260.0,230.0,253.0,62.0,64.0,86.0,56.0,142.0,71.0,86.0,89.0,86.0,89.0,95.0,91.0,72.0,55.0,45.0,42.0
8,64.0,,111.0,134.0,84.0,,,97.0,127.0,97.0,88.0,96.0,102.0,113.0,106.0,103.0,101.0,107.0,113.0,111.0,88.0,88.0,102.0,140.0
9,177.0,170.0,167.0,180.0,183.0,167.0,193.0,217.0,311.0,280.0,112.0,143.0,172.0,172.0,141.0,129.0,122.0,129.0,157.0,120.0,115.0,104.0,109.0,142.0
10,143.0,160.0,197.0,309.0,263.0,273.0,287.0,,207.0,133.0,135.0,135.0,150.0,134.0,134.0,126.0,152.0,179.0,390.0,74.0,179.0,,,
11,,,,,,,,,,,,,,,,,,,,,,,,
12,,,,,,,,,,,,,,87.0,143.0,89.0,126.0,153.0,161.0,152.0,130.0,135.0,170.0,187.0
13,243.0,250.0,131.0,140.0,157.0,113.0,94.0,140.0,160.0,223.0,220.0,133.0,167.0,163.0,135.0,138.0,,,,,,,,
14,,,,,,,,,,,,,,,,,,,,,,,,
15,,,,,,,,,,,,,,,,,123.0,114.0,112.0,112.0,118.0,135.0,207.0,153.0
16,151.0,160.0,167.0,124.0,80.0,81.0,62.0,55.0,56.0,51.0,119.0,109.0,89.0,91.0,101.0,107.0,112.0,121.0,92.0,96.0,115.0,124.0,135.0,163.0
17,149.0,122.0,111.0,96.0,86.0,67.0,46.0,105.0,77.0,61.0,72.0,78.0,91.0,96.0,99.0,99.0,107.0,100.0,94.0,88.0,88.0,108.0,118.0,126.0
18,127.0,112.0,77.0,55.0,46.0,61.0,48.0,52.0,73.0,101.0,80.0,89.0,75.0,89.0,,,,,,,,125.0,141.0,139.0
19,131.0,127.0,120.0,118.0,95.0,69.0,67.0,61.0,48.0,51.0,73.0,108.0,150.0,181.0,211.0,260.0,266.0,260.0,249.0,349.0,265.0,237.0,194.0,171.0
20,146.0,111.0,99.0,79.0,55.0,46.0,56.0,50.0,38.0,81.0,135.0,89.0,75.0,90.0,113.0,109.0,111.0,125.0,137.0,142.0,115.0,96.0,92.0,91.0
21,91.0,111.0,111.0,119.0,119.0,148.0,107.0,44.0,51.0,61.0,83.0,104.0,89.0,105.0,99.0,103.0,,,,111.0,85.0,115.0,150.0,155.0
22,162.0,108.0,123.0,129.0,116.0,94.0,130.0,70.0,13.0,33.0,20.0,57.0,,58.0,47.0,52.0,58.0,57.0,57.0,51.0,78.0,88.0,111.0,163.0
23,,,,,,,,,70.0,75.0,68.0,44.0,44.0,77.0,55.0,34.0,42.0,,37.0,36.0,42.0,53.0,84.0,83.0
24,85.0,84.0,70.0,52.0,55.0,57.0,52.0,103.0,87.0,93.0,77.0,87.0,80.0,91.0,15.0,33.0,42.0,48.0,50.0,18.0,47.0,74.0,78.0,80.0
25,102.0,119.0,140.0,187.0,200.0,217.0,220.0,167.0,107.0,88.0,73.0,55.0,65.0,58.0,40.0,45.0,271.0,37.0,38.0,58.0,60.0,70.0,58.0,73.0
26,92.0,99.0,92.0,111.0,88.0,167.0,110.0,93.0,123.0,250.0,217.0,160.0,130.0,119.0,109.0,83.0,53.0,55.0,70.0,101.0,109.0,103.0,131.0,130.0
27,124.0,105.0,111.0,109.0,111.0,119.0,92.0,101.0,99.0,84.0,85.0,99.0,109.0,243.0,153.0,157.0,,185.0,328.0,263.0,346.0,411.0,332.0,190.0
28,204.0,281.0,255.0,252.0,245.0,254.0,294.0,262.0,282.0,151.0,141.0,200.0,290.0,259.0,277.0,,,,,416.0,394.0,344.0,350.0,395.0
29,398.0,395.0,400.0,339.0,306.0,370.0,312.0,232.0,205.0,175.0,157.0,125.0,157.0,190.0,131.0,126.0,133.0,127.0,123.0,423.0,83.0,108.0,95.0,123.0
30,143.0,114.0,106.0,111.0,100.0,71.0,73.0,69.0,,65.0,73.0,89.0,107.0,108.0,111.0,109.0,107.0,113.0,115.0,120.0,122.0,133.0,141.0,152.0
"
"
July-2020,00:00:00,01:00:00,02:00:00,03:00:00,04:00:00,05:00:00,06:00:00,07:00:00,08:00:00,09:00:00,10:00:00,11:00:00,12:00:00,13:00:00,14:00:00,15:00:00,16:00:00,17:00:00,18:00:00,19:00:00,20:00:00,21:00:00,22:00:00,23:00:00
1,290.0,200.0,167.0,146.0,107.0,90.0,110.0,111.0,147.0,127.0,107.0,99.0,86.0,84.0,68.0,73.0,115.0,116.0,111.0,,35.0,115.0,119.0,135.0
2,119.0,123.0,88.0,95.0,86.0,96.0,101.0,119.0,123.0,147.0,147.0,131.0,143.0,147.0,130.0,133.0,141.0,135.0,,,,,,
3,,,,,,,,,203.0,197.0,197.0,270.0,240.0,197.0,152.0,134.0,115.0,111.0,112.0,107.0,96.0,111.0,107.0,111.0
4,89.0,84.0,90.0,74.0,64.0,100.0,113.0,,92.0,95.0,93.0,124.0,109.0,120.0,115.0,102.0,104.0,91.0,83.0,70.0,72.0,78.0,121.0,116.0
5,107.0,103.0,92.0,83.0,,34.0,35.0,36.0,33.0,30.0,31.0,31.0,32.0,32.0,37.0,36.0,,37.0,34.0,33.0,30.0,42.0,58.0,77.0
6,78.0,77.0,83.0,85.0,78.0,87.0,88.0,73.0,88.0,25.0,110.0,157.0,,,83.0,27.0,,,,,,,73.0,74.0
7,86.0,75.0,67.0,75.0,68.0,67.0,73.0,67.0,63.0,75.0,65.0,27.0,37.0,28.0,23.0,20.0,18.0,28.0,18.0,23.0,13.0,15.0,7.0,27.0
8,10.0,10.0,7.0,7.0,28.0,8.0,8.0,52.0,65.0,,,,77.0,75.0,55.0,45.0,50.0,,,,,,,
9,,,,65.0,55.0,57.0,60.0,87.0,93.0,100.0,123.0,77.0,70.0,75.0,83.0,73.0,63.0,,,,,,,
10,70.0,86.0,63.0,75.0,80.0,61.0,62.0,45.0,63.0,56.0,62.0,69.0,63.0,70.0,59.0,57.0,50.0,44.0,57.0,51.0,,75.0,117.0,
11,83.0,79.0,70.0,42.0,,,,,,,,,,,,33.0,31.0,36.0,44.0,44.0,50.0,61.0,63.0,68.0
12,81.0,72.0,87.0,113.0,78.0,98.0,140.0,33.0,11.0,15.0,20.0,22.0,29.0,60.0,50.0,55.0,60.0,50.0,50.0,40.0,,,,45.0
13,50.0,70.0,61.0,98.0,70.0,55.0,51.0,67.0,70.0,95.0,84.0,85.0,83.0,74.0,,96.0,150.0,144.0,,,,,,146.0
14,147.0,145.0,149.0,104.0,91.0,74.0,83.0,94.0,100.0,85.0,99.0,111.0,120.0,127.0,145.0,149.0,153.0,153.0,161.0,159.0,162.0,146.0,173.0,170.0
15,156.0,150.0,134.0,121.0,111.0,103.0,100.0,92.0,72.0,68.0,78.0,80.0,40.0,43.0,43.0,46.0,48.0,74.0,64.0,67.0,68.0,79.0,88.0,48.0
16,44.0,55.0,,,,65.0,90.0,58.0,53.0,63.0,58.0,73.0,81.0,74.0,47.0,48.0,44.0,38.0,47.0,60.0,68.0,84.0,109.0,83.0
17,60.0,59.0,52.0,57.0,57.0,58.0,55.0,67.0,69.0,80.0,88.0,85.0,97.0,85.0,97.0,85.0,87.0,92.0,88.0,77.0,83.0,98.0,95.0,93.0
18,87.0,98.0,93.0,78.0,80.0,80.0,15.0,188.0,60.0,60.0,55.0,15.0,19.0,22.0,25.0,28.0,30.0,45.0,45.0,102.0,106.0,142.0,142.0,134.0
19,116.0,116.0,106.0,60.0,60.0,70.0,115.0,50.0,18.0,18.0,15.0,18.0,16.0,30.0,40.0,80.0,70.0,50.0,124.0,32.0,35.0,41.0,92.0,75.0
20,90.0,105.0,104.0,,110.0,100.0,120.0,35.0,101.0,30.0,38.0,39.0,65.0,53.0,116.0,50.0,55.0,56.0,52.0,61.0,85.0,47.0,66.0,105.0
21,101.0,90.0,105.0,35.0,104.0,85.0,60.0,42.0,65.0,135.0,104.0,75.0,73.0,64.0,57.0,40.0,27.0,109.0,26.0,124.0,95.0,90.0,95.0,
22,102.0,51.0,45.0,50.0,52.0,47.0,102.0,37.0,40.0,63.0,77.0,80.0,101.0,93.0,45.0,33.0,22.0,26.0,28.0,115.0,104.0,100.0,109.0,115.0
23,58.0,62.0,84.0,69.0,62.0,67.0,70.0,112.0,65.0,114.0,70.0,60.0,80.0,85.0,108.0,100.0,141.0,115.0,118.0,52.0,57.0,62.0,101.0,102.0
24,101.0,103.0,95.0,77.0,85.0,85.0,77.0,60.0,100.0,67.0,101.0,111.0,89.0,85.0,97.0,70.0,109.0,57.0,85.0,,,,10.0,16.0
25,48.0,50.0,41.0,30.0,24.0,33.0,33.0,33.0,45.0,52.0,65.0,65.0,60.0,55.0,,,,,12.0,17.0,41.0,48.0,57.0,
26,,,,,,,,,,,,,,,,,,,,,,,,
27,,,,,,,,,,,,,,,,51.0,47.0,168.0,182.0,95.0,115.0,102.0,125.0,111.0
28,80.0,149.0,145.0,68.0,156.0,188.0,179.0,59.0,57.0,61.0,60.0,80.0,84.0,85.0,80.0,77.0,79.0,59.0,102.0,79.0,95.0,102.0,109.0,115.0
29,101.0,94.0,74.0,20.0,34.0,89.0,56.0,59.0,69.0,91.0,92.0,88.0,105.0,,109.0,105.0,97.0,57.0,34.0,85.0,111.0,90.0,102.0,105.0
30,105.0,101.0,64.0,57.0,42.0,33.0,33.0,29.0,29.0,33.0,53.0,50.0,66.0,23.0,24.0,27.0,29.0,,30.0,55.0,60.0,55.0,45.0,45.0
31,40.0,47.0,51.0,52.0,58.0,66.0,68.0,67.0,52.0,48.0,47.0,,28.0,,102.0,65.0,80.0,75.0,104.0,73.0,73.0,90.0,,70.0
"
"
August-2020,00:00:00,01:00:00,02:00:00,03:00:00,04:00:00,05:00:00,06:00:00,07:00:00,08:00:00,09:00:00,10:00:00,11:00:00,12:00:00,13:00:00,14:00:00,15:00:00,16:00:00,17:00:00,18:00:00,19:00:00,20:00:00,21:00:00,22:00:00,23:00:00
1,75.0,94.0,83.0,67.0,20.0,18.0,22.0,28.0,40.0,60.0,55.0,55.0,55.0,73.0,,75.0,56.0,57.0,42.0,58.0,57.0,46.0,53.0,88.0
2,,,,,,45.0,56.0,48.0,,,,,,,,,,,,,2.0,,,
3,,,2.0,,,30.0,,,,,,,69.0,67.0,52.0,53.0,47.0,59.0,62.0,72.0,72.0,80.0,100.0,85.0
4,101.0,89.0,75.0,45.0,50.0,57.0,45.0,41.0,53.0,56.0,53.0,46.0,25.0,59.0,,42.0,30.0,33.0,50.0,51.0,47.0,58.0,74.0,
5,143.0,108.0,117.0,101.0,101.0,75.0,72.0,73.0,77.0,80.0,78.0,63.0,64.0,63.0,40.0,46.0,74.0,84.0,42.0,101.0,60.0,45.0,48.0,73.0
6,62.0,,,62.0,59.0,53.0,48.0,47.0,32.0,34.0,,22.0,33.0,59.0,70.0,61.0,,41.0,40.0,48.0,30.0,50.0,55.0,31.0
7,45.0,29.0,36.0,41.0,25.0,41.0,24.0,40.0,65.0,90.0,,53.0,53.0,102.0,85.0,121.0,42.0,33.0,95.0,64.0,83.0,,,
8,,100.0,77.0,70.0,70.0,70.0,66.0,67.0,73.0,95.0,88.0,75.0,52.0,45.0,33.0,,33.0,36.0,38.0,45.0,42.0,69.0,108.0,100.0
9,119.0,127.0,,34.0,50.0,23.0,14.0,27.0,38.0,47.0,42.0,42.0,53.0,67.0,58.0,60.0,67.0,70.0,55.0,65.0,70.0,75.0,64.0,63.0
10,56.0,79.0,78.0,72.0,50.0,47.0,37.0,65.0,57.0,50.0,59.0,83.0,80.0,95.0,75.0,56.0,65.0,,47.0,50.0,74.0,91.0,48.0,55.0
11,60.0,48.0,50.0,70.0,73.0,15.0,57.0,50.0,63.0,64.0,96.0,88.0,73.0,61.0,63.0,58.0,80.0,70.0,80.0,35.0,60.0,64.0,96.0,111.0
12,96.0,35.0,30.0,30.0,45.0,31.0,35.0,31.0,31.0,41.0,48.0,51.0,58.0,61.0,61.0,62.0,,64.0,73.0,80.0,81.0,86.0,104.0,56.0
13,50.0,75.0,80.0,50.0,109.0,33.0,95.0,12.0,70.0,65.0,118.0,119.0,60.0,11.0,12.0,125.0,12.0,12.0,13.0,12.0,18.0,16.0,30.0,40.0
14,55.0,28.0,45.0,18.0,118.0,55.0,50.0,15.0,,,14.0,27.0,34.0,30.0,45.0,120.0,115.0,121.0,,19.0,55.0,31.0,58.0,61.0
15,83.0,90.0,66.0,60.0,47.0,47.0,55.0,60.0,68.0,75.0,98.0,97.0,110.0,67.0,,,125.0,125.0,149.0,104.0,,95.0,120.0,
16,,101.0,101.0,75.0,79.0,77.0,69.0,95.0,93.0,27.0,159.0,130.0,55.0,,,33.0,41.0,40.0,37.0,51.0,63.0,74.0,102.0,92.0
17,86.0,137.0,113.0,84.0,57.0,60.0,92.0,83.0,,50.0,55.0,48.0,,,,,,,156.0,159.0,118.0,93.0,81.0,94.0
18,87.0,73.0,78.0,84.0,89.0,119.0,101.0,100.0,97.0,153.0,115.0,81.0,105.0,,,51.0,63.0,47.0,46.0,57.0,69.0,68.0,77.0,73.0
19,125.0,118.0,84.0,63.0,166.0,112.0,159.0,69.0,74.0,96.0,90.0,101.0,108.0,61.0,111.0,85.0,56.0,58.0,54.0,50.0,54.0,75.0,55.0,63.0
20,60.0,75.0,118.0,27.0,36.0,33.0,32.0,32.0,33.0,34.0,43.0,42.0,42.0,49.0,54.0,39.0,40.0,52.0,27.0,27.0,,,,
21,,,,,,,,29.0,23.0,18.0,17.0,22.0,24.0,20.0,24.0,33.0,27.0,,20.0,26.0,39.0,36.0,20.0,22.0
22,21.0,22.0,,,,,,,,19.0,23.0,19.0,18.0,,,,,16.0,,,,,,
23,,,,,,,,,33.0,,32.0,45.0,,,44.0,34.0,23.0,18.0,30.0,47.0,28.0,30.0,28.0,46.0
24,32.0,32.0,28.0,24.0,19.0,15.0,15.0,18.0,15.0,20.0,24.0,31.0,29.0,28.0,34.0,38.0,46.0,30.0,34.0,42.0,38.0,39.0,48.0,62.0
25,66.0,45.0,91.0,67.0,67.0,,52.0,36.0,48.0,52.0,59.0,59.0,46.0,47.0,44.0,42.0,28.0,34.0,53.0,74.0,50.0,36.0,38.0,36.0
26,36.0,58.0,51.0,41.0,31.0,42.0,107.0,58.0,44.0,46.0,40.0,56.0,44.0,29.0,28.0,33.0,28.0,44.0,48.0,52.0,42.0,72.0,78.0,134.0
27,149.0,102.0,69.0,61.0,83.0,88.0,122.0,101.0,61.0,74.0,45.0,52.0,62.0,40.0,35.0,41.0,36.0,41.0,,,,,,
28,64.0,58.0,55.0,61.0,75.0,67.0,75.0,95.0,108.0,122.0,103.0,96.0,66.0,44.0,36.0,45.0,16.0,,20.0,15.0,21.0,25.0,30.0,38.0
29,55.0,47.0,45.0,40.0,40.0,53.0,50.0,55.0,64.0,48.0,40.0,34.0,37.0,,,,,,,,,,,
30,,,,,,,,,,,,,,23.0,26.0,,,,28.0,21.0,18.0,24.0,,18.0
31,16.0,15.0,22.0,1.0,23.0,20.0,27.0,22.0,25.0,18.0,,24.0,46.0,28.0,27.0,24.0,31.0,29.0,27.0,35.0,34.0,48.0,42.0,56.0
"
"
September-2020,00:00:00,01:00:00,02:00:00,03:00:00,04:00:00,05:00:00,06:00:00,07:00:00,08:00:00,09:00:00,10:00:00,11:00:00,12:00:00,13:00:00,14:00:00,15:00:00,16:00:00,17:00:00,18:00:00,19:00:00,20:00:00,21:00:00,22:00:00,23:00:00
1,48.0,41.0,32.0,33.0,33.0,51.0,29.0,33.0,40.0,52.0,62.0,52.0,74.0,46.0,46.0,55.0,38.0,33.0,66.0,64.0,58.0,73.0,95.0,107.0
2,109.0,101.0,108.0,56.0,62.0,42.0,47.0,59.0,52.0,47.0,24.0,36.0,63.0,40.0,40.0,45.0,50.0,66.0,70.0,73.0,51.0,60.0,73.0,77.0
3,83.0,77.0,81.0,88.0,101.0,101.0,91.0,80.0,74.0,60.0,75.0,56.0,58.0,38.0,36.0,37.0,44.0,42.0,47.0,44.0,66.0,113.0,95.0,77.0
4,70.0,78.0,77.0,75.0,77.0,70.0,60.0,65.0,63.0,73.0,78.0,68.0,70.0,63.0,61.0,62.0,69.0,67.0,79.0,157.0,101.0,113.0,159.0,120.0
5,119.0,101.0,101.0,95.0,110.0,160.0,167.0,127.0,147.0,183.0,140.0,177.0,180.0,157.0,167.0,92.0,133.0,105.0,110.0,72.0,87.0,,40.0,40.0
6,35.0,32.0,25.0,40.0,30.0,40.0,36.0,42.0,53.0,57.0,57.0,47.0,55.0,63.0,70.0,78.0,59.0,57.0,52.0,40.0,69.0,91.0,95.0,97.0
7,,58.0,85.0,78.0,65.0,66.0,67.0,65.0,61.0,175.0,135.0,79.0,66.0,90.0,84.0,53.0,47.0,59.0,55.0,53.0,79.0,88.0,91.0,80.0
8,79.0,62.0,56.0,57.0,58.0,61.0,52.0,66.0,68.0,69.0,59.0,72.0,83.0,53.0,55.0,53.0,55.0,,52.0,63.0,77.0,100.0,90.0,90.0
9,119.0,175.0,149.0,115.0,129.0,116.0,120.0,103.0,118.0,109.0,84.0,86.0,89.0,84.0,77.0,72.0,70.0,77.0,79.0,75.0,86.0,105.0,89.0,92.0
10,92.0,117.0,119.0,69.0,75.0,63.0,91.0,103.0,130.0,150.0,130.0,107.0,107.0,90.0,78.0,75.0,73.0,77.0,91.0,102.0,100.0,107.0,149.0,135.0
11,171.0,189.0,250.0,262.0,293.0,164.0,150.0,187.0,147.0,193.0,187.0,127.0,129.0,129.0,116.0,91.0,95.0,107.0,101.0,115.0,92.0,113.0,120.0,163.0
12,140.0,301.0,302.0,163.0,127.0,147.0,185.0,,,,,,172.0,40.0,89.0,88.0,95.0,105.0,116.0,,,,,
13,,,,,,,,,,,,,,,,,,,,,,,,
14,,,,,,,,,,,,123.0,112.0,131.0,129.0,123.0,122.0,116.0,104.0,113.0,125.0,137.0,163.0,226.0
15,315.0,239.0,150.0,157.0,147.0,200.0,223.0,308.0,220.0,217.0,155.0,137.0,117.0,141.0,127.0,115.0,103.0,104.0,108.0,117.0,134.0,149.0,159.0,134.0
16,175.0,222.0,230.0,195.0,169.0,233.0,200.0,157.0,147.0,187.0,197.0,149.0,150.0,133.0,,124.0,116.0,105.0,107.0,124.0,147.0,134.0,171.0,145.0
17,,,,,,,,,,140.0,114.0,116.0,113.0,97.0,91.0,84.0,100.0,109.0,102.0,97.0,105.0,101.0,119.0,127.0
18,125.0,109.0,123.0,118.0,120.0,112.0,107.0,101.0,116.0,135.0,115.0,118.0,115.0,111.0,97.0,77.0,79.0,84.0,89.0,100.0,142.0,133.0,145.0,139.0
19,118.0,122.0,108.0,103.0,133.0,123.0,111.0,123.0,118.0,115.0,108.0,115.0,126.0,124.0,123.0,109.0,107.0,107.0,99.0,117.0,126.0,156.0,153.0,345.0
20,341.0,203.0,157.0,160.0,203.0,233.0,193.0,180.0,150.0,140.0,137.0,138.0,123.0,129.0,121.0,112.0,112.0,99.0,109.0,120.0,133.0,137.0,138.0,127.0
21,116.0,111.0,100.0,96.0,96.0,101.0,107.0,120.0,108.0,116.0,,144.0,,,,,,,,107.0,140.0,162.0,237.0,137.0
22,145.0,135.0,147.0,129.0,,107.0,167.0,127.0,113.0,88.0,83.0,85.0,94.0,63.0,86.0,47.0,35.0,40.0,57.0,89.0,75.0,92.0,105.0,109.0
23,,,,110.0,104.0,64.0,44.0,53.0,44.0,52.0,58.0,38.0,63.0,48.0,28.0,28.0,33.0,23.0,22.0,50.0,80.0,116.0,97.0,73.0
24,89.0,89.0,96.0,33.0,32.0,23.0,41.0,20.0,,30.0,38.0,66.0,97.0,101.0,111.0,111.0,107.0,105.0,100.0,124.0,129.0,128.0,,213.0
25,207.0,237.0,250.0,183.0,107.0,113.0,107.0,104.0,119.0,113.0,126.0,,157.0,129.0,118.0,116.0,121.0,114.0,111.0,115.0,141.0,171.0,,
26,233.0,341.0,235.0,217.0,250.0,297.0,273.0,240.0,280.0,302.0,223.0,,,133.0,129.0,,101.0,119.0,101.0,148.0,195.0,199.0,168.0,155.0
27,152.0,129.0,115.0,101.0,84.0,84.0,51.0,65.0,84.0,74.0,70.0,70.0,78.0,85.0,91.0,99.0,90.0,104.0,101.0,105.0,127.0,153.0,175.0,230.0
28,296.0,252.0,173.0,187.0,230.0,187.0,183.0,150.0,,193.0,170.0,141.0,141.0,139.0,150.0,143.0,142.0,146.0,147.0,160.0,164.0,171.0,200.0,273.0
29,197.0,183.0,160.0,157.0,164.0,180.0,203.0,203.0,301.0,270.0,185.0,189.0,188.0,160.0,152.0,153.0,159.0,147.0,147.0,177.0,207.0,177.0,193.0,173.0
30,143.0,134.0,109.0,126.0,,117.0,170.0,163.0,157.0,165.0,143.0,,151.0,142.0,134.0,138.0,129.0,131.0,133.0,137.0,138.0,163.0,144.0,131.0
"
"
October-2020,00:00:00,01:00:00,02:00:00,03:00:00,04:00:00,05:00:00,06:00:00,07:00:00,08:00:00,09:00:00,10:00:00,11:00:00,12:00:00,13:00:00,14:00:00,15:00:00,16:00:00,17:00:00,18:00:00,19:00:00,20:00:00,21:00:00,22:00:00,23:00:00
1,,,,,,,,197.0,155.0,182.0,161.0,150.0,144.0,143.0,138.0,133.0,133.0,121.0,117.0,126.0,,,,
2,,163.0,160.0,,,203.0,,,,177.0,187.0,,175.0,155.0,150.0,153.0,147.0,131.0,140.0,,,,,
3,,253.0,257.0,273.0,,,,,,,237.0,156.0,165.0,140.0,127.0,,111.0,100.0,107.0,127.0,194.0,189.0,233.0,167.0
4,177.0,217.0,307.0,273.0,267.0,297.0,297.0,,,280.0,207.0,207.0,189.0,151.0,111.0,115.0,107.0,115.0,118.0,120.0,155.0,157.0,159.0,138.0
5,178.0,221.0,207.0,193.0,223.0,220.0,220.0,200.0,197.0,197.0,193.0,185.0,179.0,157.0,149.0,149.0,127.0,133.0,,131.0,137.0,135.0,145.0,161.0
6,149.0,127.0,169.0,193.0,235.0,220.0,292.0,307.0,293.0,267.0,233.0,184.0,182.0,163.0,135.0,122.0,122.0,115.0,127.0,135.0,145.0,199.0,223.0,237.0
7,243.0,240.0,250.0,314.0,323.0,315.0,321.0,312.0,441.0,345.0,322.0,297.0,191.0,179.0,163.0,153.0,144.0,139.0,143.0,165.0,206.0,234.0,175.0,207.0
8,253.0,223.0,280.0,327.0,325.0,328.0,403.0,431.0,293.0,316.0,,287.0,253.0,220.0,171.0,146.0,,131.0,159.0,148.0,,151.0,185.0,184.0
9,193.0,207.0,240.0,257.0,230.0,270.0,273.0,303.0,237.0,308.0,322.0,,197.0,179.0,167.0,152.0,138.0,122.0,138.0,202.0,186.0,188.0,193.0,217.0
10,217.0,260.0,277.0,273.0,270.0,304.0,303.0,308.0,312.0,362.0,341.0,257.0,233.0,260.0,,133.0,129.0,137.0,,169.0,249.0,193.0,187.0,
11,,197.0,197.0,4.0,253.0,243.0,311.0,306.0,314.0,327.0,301.0,308.0,240.0,193.0,155.0,146.0,141.0,138.0,146.0,167.0,237.0,362.0,220.0,223.0
12,250.0,309.0,315.0,309.0,325.0,420.0,334.0,338.0,412.0,415.0,384.0,325.0,287.0,200.0,257.0,250.0,144.0,146.0,215.0,175.0,,297.0,391.0,490.0
13,467.0,434.0,401.0,356.0,344.0,363.0,346.0,8.0,73.0,51.0,332.0,329.0,334.0,312.0,223.0,197.0,167.0,174.0,193.0,233.0,307.0,,,
14,325.0,325.0,,319.0,,,149.0,321.0,328.0,344.0,318.0,320.0,311.0,250.0,207.0,217.0,167.0,145.0,150.0,140.0,177.0,273.0,359.0,351.0
15,363.0,441.0,425.0,434.0,428.0,438.0,422.0,435.0,405.0,407.0,407.0,398.0,331.0,257.0,117.0,101.0,34.0,81.0,56.0,155.0,378.0,326.0,296.0,348.0
16,414.0,375.0,404.0,413.0,434.0,430.0,420.0,457.0,,,313.0,305.0,301.0,283.0,212.0,147.0,127.0,127.0,159.0,153.0,218.0,399.0,411.0,439.0
17,441.0,500.0,443.0,346.0,405.0,410.0,432.0,437.0,423.0,418.0,467.0,436.0,309.0,307.0,164.0,141.0,143.0,133.0,127.0,155.0,,500.0,500.0,352.0
18,287.0,287.0,302.0,311.0,319.0,307.0,293.0,321.0,334.0,410.0,365.0,,273.0,179.0,141.0,112.0,105.0,116.0,115.0,131.0,177.0,,,297.0
19,315.0,319.0,335.0,333.0,,293.0,,229.0,384.0,356.0,418.0,395.0,356.0,232.0,151.0,129.0,,,147.0,169.0,,243.0,,
20,200.0,243.0,293.0,250.0,,,147.0,301.0,320.0,390.0,,,366.0,,217.0,174.0,126.0,105.0,146.0,177.0,334.0,433.0,431.0,334.0
21,396.0,441.0,470.0,429.0,,424.0,422.0,,400.0,413.0,417.0,390.0,,,,,,,,157.0,,,,
22,,500.0,500.0,500.0,485.0,456.0,424.0,449.0,460.0,474.0,454.0,,,,,,,,250.0,197.0,370.0,449.0,469.0,500.0
23,500.0,458.0,500.0,489.0,479.0,464.0,475.0,500.0,500.0,500.0,500.0,492.0,,,,,,,86.0,142.0,267.0,404.0,424.0,414.0
24,355.0,457.0,500.0,492.0,500.0,454.0,468.0,458.0,464.0,467.0,472.0,493.0,463.0,393.0,334.0,321.0,253.0,240.0,273.0,306.0,403.0,415.0,443.0,500.0
25,488.0,446.0,472.0,493.0,,415.0,415.0,432.0,470.0,463.0,,,,,302.0,213.0,170.0,183.0,180.0,207.0,362.0,414.0,411.0,405.0
26,401.0,425.0,397.0,441.0,422.0,467.0,464.0,478.0,440.0,469.0,456.0,433.0,424.0,409.0,363.0,328.0,139.0,137.0,193.0,294.0,356.0,399.0,,325.0
27,375.0,398.0,404.0,,407.0,395.0,395.0,416.0,421.0,429.0,416.0,375.0,345.0,309.0,197.0,141.0,134.0,123.0,152.0,135.0,235.0,447.0,475.0,358.0
28,318.0,315.0,344.0,316.0,327.0,349.0,,416.0,408.0,405.0,398.0,416.0,428.0,342.0,354.0,366.0,334.0,332.0,334.0,441.0,485.0,495.0,500.0,500.0
29,500.0,479.0,476.0,469.0,479.0,470.0,500.0,500.0,500.0,500.0,500.0,500.0,500.0,465.0,320.0,243.0,158.0,140.0,243.0,228.0,448.0,441.0,500.0,500.0
30,495.0,487.0,500.0,457.0,481.0,455.0,497.0,453.0,452.0,482.0,487.0,442.0,415.0,406.0,327.0,230.0,115.0,117.0,127.0,168.0,217.0,332.0,398.0,417.0
31,469.0,500.0,500.0,500.0,500.0,,500.0,500.0,500.0,500.0,486.0,404.0,,277.0,164.0,155.0,,148.0,167.0,207.0,292.0,331.0,350.0,378.0
"
"
November-2020,00:00:00,01:00:00,02:00:00,03:00:00,04:00:00,05:00:00,06:00:00,07:00:00,08:00:00,09:00:00,10:00:00,11:00:00,12:00:00,13:00:00,14:00:00,15:00:00,16:00:00,17:00:00,18:00:00,19:00:00,20:00:00,21:00:00,22:00:00,23:00:00
1,420.0,,500.0,500.0,500.0,500.0,500.0,500.0,500.0,500.0,500.0,500.0,464.0,372.0,233.0,277.0,290.0,177.0,,175.0,389.0,,376.0,
2,375.0,,431.0,449.0,,456.0,426.0,386.0,315.0,302.0,311.0,356.0,392.0,362.0,339.0,336.0,342.0,308.0,,,,424.0,500.0,500.0
3,486.0,500.0,500.0,500.0,413.0,372.0,366.0,382.0,356.0,428.0,,331.0,403.0,314.0,287.0,203.0,132.0,126.0,188.0,229.0,362.0,,427.0,
4,,,,,,,,,,,,432.0,496.0,,500.0,500.0,500.0,489.0,,,,,,
5,500.0,500.0,500.0,500.0,500.0,,500.0,500.0,499.0,479.0,470.0,467.0,466.0,430.0,378.0,312.0,220.0,197.0,257.0,,,,,
6,,,,,,485.0,,104.0,,131.0,500.0,500.0,490.0,446.0,431.0,372.0,325.0,316.0,312.0,432.0,467.0,477.0,451.0,488.0
7,481.0,500.0,,500.0,500.0,500.0,500.0,500.0,500.0,500.0,500.0,500.0,440.0,391.0,,270.0,243.0,306.0,305.0,309.0,426.0,471.0,500.0,500.0
8,500.0,488.0,470.0,500.0,500.0,500.0,500.0,500.0,500.0,500.0,434.0,,500.0,500.0,490.0,444.0,424.0,,435.0,477.0,496.0,500.0,500.0,500.0
9,500.0,500.0,500.0,500.0,500.0,500.0,500.0,500.0,500.0,500.0,500.0,,500.0,500.0,500.0,500.0,433.0,396.0,408.0,500.0,500.0,112.0,7.0,500.0
10,500.0,500.0,500.0,500.0,500.0,500.0,,126.0,128.0,170.0,193.0,,169.0,500.0,433.0,372.0,348.0,323.0,329.0,322.0,318.0,344.0,370.0,368.0
11,384.0,,382.0,395.0,385.0,376.0,392.0,375.0,,,401.0,401.0,345.0,310.0,157.0,141.0,144.0,134.0,127.0,115.0,183.0,287.0,312.0,323.0
12,345.0,364.0,373.0,372.0,375.0,376.0,367.0,360.0,366.0,383.0,399.0,405.0,344.0,240.0,130.0,149.0,168.0,131.0,105.0,170.0,222.0,471.0,395.0,
13,450.0,463.0,453.0,422.0,,,,440.0,419.0,451.0,500.0,500.0,477.0,365.0,290.0,233.0,223.0,240.0,237.0,379.0,445.0,433.0,434.0,467.0
14,500.0,500.0,497.0,490.0,494.0,500.0,500.0,500.0,500.0,500.0,500.0,500.0,500.0,500.0,500.0,500.0,500.0,499.0,467.0,490.0,485.0,492.0,500.0,500.0
15,500.0,500.0,500.0,500.0,500.0,500.0,500.0,500.0,500.0,500.0,500.0,500.0,467.0,398.0,361.0,351.0,328.0,324.0,,,,,,
16,,,331.0,,315.0,301.0,163.0,65.0,,,,103.0,95.0,94.0,96.0,88.0,82.0,78.0,77.0,77.0,109.0,127.0,220.0,287.0
17,213.0,143.0,103.0,127.0,103.0,130.0,109.0,135.0,,157.0,180.0,140.0,147.0,120.0,82.0,92.0,93.0,88.0,90.0,89.0,,193.0,280.0,304.0
18,301.0,,257.0,287.0,297.0,287.0,290.0,267.0,237.0,,,,207.0,,160.0,167.0,177.0,,,,302.0,324.0,331.0,335.0
19,368.0,365.0,357.0,362.0,382.0,435.0,420.0,368.0,387.0,408.0,395.0,332.0,287.0,,,,,,34.0,157.0,,319.0,350.0,374.0
20,424.0,417.0,413.0,396.0,388.0,376.0,370.0,367.0,345.0,337.0,336.0,314.0,280.0,217.0,160.0,121.0,111.0,122.0,120.0,150.0,257.0,324.0,355.0,328.0
21,307.0,307.0,306.0,331.0,297.0,280.0,301.0,,332.0,350.0,351.0,318.0,220.0,141.0,130.0,120.0,105.0,105.0,111.0,115.0,,,,
22,,,,,,,,,,,,,,,,,,,,,,,,
23,,,,,,,,,,,,,42.0,260.0,147.0,150.0,127.0,114.0,173.0,167.0,253.0,,368.0,403.0
24,435.0,418.0,393.0,374.0,411.0,383.0,401.0,410.0,387.0,393.0,450.0,500.0,401.0,365.0,348.0,348.0,308.0,322.0,344.0,,402.0,433.0,465.0,
25,483.0,463.0,465.0,,462.0,457.0,459.0,457.0,452.0,439.0,450.0,455.0,,430.0,444.0,405.0,387.0,392.0,404.0,401.0,,418.0,,
26,,396.0,388.0,385.0,390.0,399.0,386.0,372.0,365.0,303.0,217.0,98.0,80.0,80.0,,,,,39.0,40.0,159.0,163.0,163.0,150.0
27,110.0,107.0,107.0,103.0,110.0,107.0,107.0,133.0,,157.0,170.0,177.0,,113.0,91.0,100.0,130.0,81.0,72.0,131.0,189.0,253.0,250.0,197.0
28,207.0,233.0,273.0,290.0,297.0,328.0,318.0,345.0,336.0,325.0,332.0,324.0,200.0,180.0,122.0,127.0,132.0,122.0,84.0,118.0,207.0,315.0,461.0,366.0
29,345.0,325.0,336.0,351.0,382.0,383.0,390.0,366.0,322.0,329.0,349.0,366.0,346.0,336.0,253.0,180.0,165.0,159.0,163.0,147.0,297.0,500.0,432.0,479.0
30,491.0,445.0,443.0,463.0,419.0,396.0,400.0,,,380.0,425.0,427.0,378.0,338.0,308.0,230.0,290.0,267.0,273.0,301.0,,,,
"
"
December-2020,00:00:00,01:00:00,02:00:00,03:00:00,04:00:00,05:00:00,06:00:00,07:00:00,08:00:00,09:00:00,10:00:00,11:00:00,12:00:00,13:00:00,14:00:00,15:00:00,16:00:00,17:00:00,18:00:00,19:00:00,20:00:00,21:00:00,22:00:00,23:00:00
1,,,,,,,,,434.0,440.0,462.0,480.0,450.0,382.0,358.0,342.0,315.0,280.0,290.0,308.0,370.0,406.0,497.0,500.0
2,500.0,485.0,500.0,447.0,402.0,382.0,382.0,388.0,405.0,443.0,456.0,457.0,423.0,374.0,333.0,318.0,310.0,306.0,307.0,394.0,405.0,338.0,358.0,359.0
3,355.0,348.0,348.0,375.0,374.0,382.0,411.0,411.0,398.0,400.0,432.0,423.0,398.0,359.0,359.0,324.0,316.0,312.0,287.0,378.0,430.0,463.0,451.0,430.0
4,435.0,390.0,383.0,400.0,,429.0,420.0,,,426.0,105.0,490.0,500.0,486.0,490.0,475.0,443.0,391.0,424.0,104.0,443.0,459.0,469.0,474.0
5,487.0,473.0,466.0,449.0,450.0,434.0,437.0,435.0,427.0,435.0,434.0,456.0,462.0,421.0,393.0,392.0,376.0,349.0,349.0,368.0,390.0,401.0,434.0,466.0
6,469.0,480.0,463.0,455.0,444.0,446.0,441.0,444.0,442.0,436.0,447.0,474.0,447.0,406.0,409.0,,328.0,325.0,348.0,,139.0,453.0,,
7,462.0,470.0,459.0,452.0,442.0,436.0,429.0,382.0,335.0,363.0,376.0,388.0,405.0,390.0,390.0,365.0,344.0,353.0,365.0,362.0,398.0,,,
8,,,,,,,,,438.0,416.0,405.0,440.0,425.0,384.0,,325.0,,150.0,213.0,197.0,335.0,381.0,465.0,
9,433.0,,459.0,420.0,391.0,407.0,408.0,404.0,391.0,420.0,411.0,447.0,438.0,382.0,240.0,130.0,112.0,102.0,131.0,187.0,,445.0,,
10,,,,,,,,301.0,318.0,,349.0,320.0,332.0,305.0,240.0,142.0,,180.0,137.0,,,,,
11,,348.0,310.0,332.0,321.0,325.0,325.0,273.0,306.0,311.0,321.0,324.0,332.0,332.0,,,,90.0,412.0,432.0,500.0,472.0,440.0,403.0
12,400.0,,,,,,,,406.0,428.0,440.0,338.0,365.0,398.0,466.0,462.0,442.0,420.0,416.0,399.0,396.0,386.0,403.0,426.0
13,413.0,379.0,368.0,328.0,315.0,306.0,325.0,,197.0,203.0,197.0,180.0,183.0,177.0,103.0,85.0,88.0,87.0,88.0,79.0,112.0,303.0,270.0,203.0
14,187.0,187.0,187.0,133.0,97.0,180.0,302.0,322.0,314.0,302.0,177.0,167.0,127.0,89.0,85.0,93.0,110.0,97.0,127.0,180.0,277.0,280.0,301.0,320.0
15,315.0,273.0,267.0,187.0,157.0,200.0,130.0,99.0,103.0,143.0,314.0,270.0,325.0,332.0,339.0,356.0,348.0,302.0,,50.0,290.0,315.0,315.0,280.0
16,293.0,273.0,200.0,253.0,223.0,207.0,237.0,,,,,,,302.0,260.0,233.0,163.0,109.0,143.0,150.0,277.0,306.0,307.0,312.0
17,312.0,312.0,305.0,270.0,233.0,233.0,223.0,233.0,240.0,230.0,257.0,277.0,301.0,302.0,,,,,,302.0,329.0,352.0,363.0,355.0
18,353.0,363.0,337.0,334.0,338.0,358.0,358.0,342.0,342.0,356.0,355.0,341.0,310.0,187.0,131.0,,111.0,109.0,68.0,170.0,250.0,344.0,358.0,342.0
19,354.0,,346.0,314.0,,,352.0,345.0,345.0,366.0,357.0,333.0,,,,,,124.0,147.0,157.0,308.0,353.0,370.0,362.0
20,,,,,,,,,375.0,399.0,398.0,359.0,350.0,328.0,280.0,270.0,213.0,163.0,157.0,,79.0,354.0,337.0,357.0
21,341.0,,337.0,341.0,383.0,354.0,355.0,353.0,363.0,,,75.0,414.0,392.0,361.0,319.0,290.0,157.0,162.0,177.0,279.0,491.0,493.0,431.0
22,435.0,437.0,432.0,424.0,421.0,430.0,455.0,464.0,456.0,445.0,469.0,500.0,,500.0,500.0,449.0,359.0,340.0,325.0,,445.0,391.0,500.0,499.0
23,500.0,500.0,500.0,500.0,500.0,500.0,500.0,500.0,495.0,490.0,500.0,500.0,,,,,,,35.0,323.0,378.0,452.0,462.0,500.0
24,500.0,500.0,500.0,487.0,466.0,446.0,454.0,424.0,414.0,442.0,498.0,475.0,,456.0,83.0,325.0,,,,,,,,93.0
25,467.0,450.0,434.0,392.0,398.0,457.0,376.0,395.0,395.0,413.0,459.0,417.0,385.0,337.0,207.0,120.0,109.0,140.0,123.0,170.0,293.0,331.0,382.0,407.0
26,388.0,415.0,382.0,382.0,400.0,379.0,391.0,406.0,393.0,407.0,429.0,417.0,426.0,401.0,354.0,329.0,311.0,320.0,328.0,337.0,414.0,426.0,416.0,401.0
27,413.0,388.0,388.0,405.0,407.0,416.0,405.0,404.0,396.0,420.0,438.0,429.0,469.0,478.0,472.0,474.0,409.0,358.0,357.0,358.0,380.0,400.0,407.0,305.0
28,201.0,,220.0,230.0,303.0,315.0,305.0,304.0,309.0,324.0,337.0,321.0,239.0,215.0,199.0,170.0,151.0,148.0,145.0,153.0,197.0,204.0,301.0,411.0
29,309.0,,257.0,290.0,290.0,293.0,270.0,297.0,303.0,312.0,342.0,342.0,331.0,273.0,237.0,193.0,133.0,133.0,129.0,141.0,217.0,308.0,303.0,309.0
30,314.0,302.0,305.0,314.0,304.0,296.0,305.0,312.0,,308.0,293.0,315.0,324.0,318.0,320.0,311.0,303.0,309.0,,,,,,
31,,,,373.0,341.0,337.0,323.0,312.0,311.0,314.0,,321.0,352.0,384.0,416.0,386.0,375.0,361.0,372.0,388.0,461.0,463.0,491.0,500.0
"
"
Year,2021
January-2021,00:00:00,01:00:00,02:00:00,03:00:00,04:00:00,05:00:00,06:00:00,07:00:00,08:00:00,09:00:00,10:00:00,11:00:00,12:00:00,13:00:00,14:00:00,15:00:00,16:00:00,17:00:00,18:00:00,19:00:00,20:00:00,21:00:00,22:00:00,23:00:00
1,500.0,500.0,500.0,500.0,446.0,412.0,397.0,382.0,,365.0,318.0,308.0,,365.0,375.0,406.0,,,,,,,,
2,,,,,,,,,,,,467.0,,,443.0,443.0,443.0,,401.0,416.0,446.0,,488.0,500.0
3,500.0,500.0,483.0,460.0,451.0,436.0,406.0,376.0,360.0,353.0,328.0,,147.0,157.0,97.0,187.0,78.0,74.0,62.0,60.0,73.0,35.0,45.0,277.0
4,303.0,233.0,237.0,3.0,127.0,30.0,57.0,58.0,60.0,25.0,120.0,223.0,180.0,207.0,147.0,88.0,77.0,95.0,105.0,220.0,,123.0,68.0,32.0
5,42.0,60.0,48.0,28.0,42.0,40.0,45.0,45.0,,38.0,63.0,83.0,120.0,163.0,183.0,200.0,150.0,52.0,67.0,67.0,,,,
6,77.0,,,,92.0,98.0,107.0,103.0,103.0,97.0,160.0,223.0,243.0,306.0,307.0,327.0,337.0,,60.0,346.0,345.0,339.0,320.0,
7,,,,,,,,,,,,,213.0,233.0,220.0,217.0,200.0,277.0,223.0,217.0,193.0,223.0,277.0,270.0
8,233.0,193.0,127.0,127.0,123.0,130.0,104.0,105.0,113.0,125.0,177.0,233.0,328.0,382.0,374.0,382.0,375.0,374.0,,,,,355.0,328.0
9,280.0,223.0,200.0,207.0,213.0,203.0,180.0,160.0,187.0,200.0,273.0,303.0,380.0,368.0,328.0,315.0,306.0,270.0,301.0,302.0,297.0,311.0,311.0,316.0
10,315.0,304.0,297.0,293.0,311.0,297.0,237.0,200.0,187.0,160.0,180.0,213.0,240.0,302.0,223.0,223.0,207.0,203.0,240.0,303.0,315.0,320.0,327.0,319.0
11,314.0,328.0,318.0,320.0,318.0,277.0,220.0,237.0,183.0,177.0,163.0,157.0,163.0,133.0,133.0,140.0,133.0,160.0,160.0,233.0,315.0,324.0,346.0,335.0
12,325.0,335.0,337.0,319.0,314.0,325.0,290.0,277.0,260.0,277.0,293.0,305.0,311.0,309.0,311.0,310.0,307.0,304.0,308.0,316.0,335.0,365.0,380.0,397.0
13,390.0,367.0,70.0,306.0,50.0,308.0,320.0,336.0,333.0,335.0,344.0,303.0,318.0,367.0,380.0,378.0,375.0,327.0,325.0,331.0,339.0,367.0,384.0,417.0
14,422.0,430.0,395.0,387.0,327.0,45.0,315.0,287.0,250.0,250.0,280.0,312.0,354.0,392.0,407.0,420.0,453.0,443.0,414.0,413.0,435.0,456.0,470.0,477.0
15,500.0,,500.0,386.0,346.0,342.0,339.0,344.0,345.0,340.0,345.0,335.0,371.0,467.0,500.0,500.0,500.0,500.0,500.0,487.0,500.0,500.0,500.0,
16,442.0,453.0,400.0,352.0,344.0,335.0,322.0,306.0,297.0,270.0,310.0,303.0,324.0,355.0,362.0,375.0,358.0,328.0,329.0,345.0,,,,
17,,,,,280.0,230.0,203.0,203.0,213.0,257.0,304.0,320.0,419.0,475.0,456.0,431.0,437.0,439.0,441.0,440.0,422.0,401.0,388.0,375.0
18,374.0,379.0,387.0,379.0,345.0,352.0,353.0,345.0,345.0,342.0,344.0,363.0,402.0,430.0,411.0,77.0,83.0,339.0,327.0,324.0,328.0,338.0,342.0,401.0
19,424.0,451.0,459.0,430.0,,438.0,423.0,410.0,365.0,345.0,342.0,325.0,327.0,,355.0,350.0,,,,,337.0,341.0,,
20,,,,,,,,,,,,,,,314.0,312.0,308.0,328.0,332.0,328.0,348.0,357.0,350.0,371.0
21,359.0,350.0,334.0,331.0,338.0,342.0,341.0,327.0,322.0,318.0,315.0,,,,,,,,,,318.0,,,
22,,,406.0,424.0,437.0,,365.0,362.0,323.0,309.0,308.0,312.0,334.0,348.0,374.0,410.0,402.0,424.0,414.0,396.0,383.0,410.0,404.0,406.0
23,348.0,342.0,329.0,301.0,260.0,240.0,248.0,260.0,302.0,302.0,311.0,362.0,392.0,361.0,378.0,362.0,329.0,338.0,327.0,336.0,353.0,372.0,386.0,
24,392.0,394.0,,384.0,401.0,382.0,,371.0,330.0,318.0,318.0,322.0,333.0,351.0,398.0,391.0,382.0,375.0,370.0,362.0,352.0,339.0,363.0,339.0
25,325.0,325.0,308.0,257.0,257.0,273.0,273.0,270.0,257.0,207.0,223.0,253.0,270.0,293.0,305.0,312.0,321.0,303.0,287.0,237.0,311.0,406.0,399.0,429.0
26,482.0,462.0,435.0,429.0,388.0,373.0,390.0,373.0,367.0,362.0,402.0,396.0,396.0,328.0,321.0,310.0,260.0,,,,,,,
27,,,,,,,,,,,414.0,404.0,374.0,344.0,217.0,133.0,123.0,114.0,112.0,120.0,241.0,411.0,447.0,455.0
28,453.0,425.0,419.0,370.0,362.0,357.0,352.0,327.0,321.0,323.0,358.0,474.0,453.0,500.0,441.0,400.0,391.0,397.0,410.0,410.0,410.0,473.0,500.0,465.0
29,500.0,500.0,500.0,423.0,375.0,328.0,315.0,277.0,304.0,316.0,361.0,423.0,416.0,425.0,352.0,352.0,112.0,143.0,140.0,160.0,280.0,425.0,422.0,365.0
30,375.0,352.0,355.0,366.0,339.0,334.0,332.0,334.0,362.0,384.0,413.0,385.0,,,,,,,,,,,,
31,,,,,,,,,,,,,373.0,315.0,303.0,273.0,277.0,167.0,167.0,167.0,304.0,392.0,494.0,450.0
"
"
February-2021,00:00:00,01:00:00,02:00:00,03:00:00,04:00:00,05:00:00,06:00:00,07:00:00,08:00:00,09:00:00,10:00:00,11:00:00,12:00:00,13:00:00,14:00:00,15:00:00,16:00:00,17:00:00,18:00:00,19:00:00,20:00:00,21:00:00,22:00:00,23:00:00
1,424.0,391.0,378.0,367.0,387.0,362.0,362.0,366.0,382.0,372.0,434.0,450.0,384.0,346.0,358.0,345.0,,310.0,,302.0,,,,420.0
2,406.0,362.0,379.0,411.0,,,,422.0,434.0,459.0,496.0,500.0,500.0,,,,500.0,80.0,100.0,328.0,356.0,386.0,395.0,403.0
3,413.0,411.0,422.0,409.0,407.0,409.0,416.0,405.0,401.0,396.0,410.0,426.0,398.0,346.0,335.0,306.0,260.0,240.0,312.0,312.0,322.0,341.0,352.0,349.0
4,351.0,345.0,358.0,369.0,388.0,386.0,375.0,352.0,349.0,341.0,328.0,318.0,302.0,250.0,187.0,147.0,107.0,103.0,102.0,85.0,58.0,55.0,48.0,48.0
5,55.0,,,,,,,,,,277.0,315.0,120.0,140.0,90.0,107.0,105.0,78.0,78.0,75.0,91.0,120.0,157.0,200.0
6,183.0,127.0,157.0,183.0,130.0,143.0,167.0,301.0,293.0,302.0,273.0,230.0,213.0,177.0,129.0,104.0,97.0,86.0,91.0,95.0,111.0,200.0,331.0,348.0
7,359.0,329.0,322.0,319.0,332.0,325.0,331.0,328.0,,,,339.0,319.0,273.0,213.0,183.0,111.0,101.0,107.0,147.0,297.0,325.0,362.0,402.0
8,416.0,423.0,418.0,390.0,376.0,372.0,358.0,378.0,416.0,427.0,420.0,404.0,391.0,316.0,277.0,240.0,167.0,220.0,217.0,280.0,305.0,342.0,,
9,,,,,,,,,,,,,,,,,,,60.0,75.0,320.0,328.0,390.0,
10,375.0,380.0,374.0,373.0,372.0,375.0,380.0,389.0,,419.0,420.0,433.0,350.0,185.0,196.0,159.0,165.0,168.0,214.0,277.0,370.0,467.0,422.0,375.0
11,365.0,360.0,357.0,350.0,355.0,372.0,401.0,364.0,367.0,373.0,401.0,401.0,366.0,322.0,328.0,300.0,162.0,169.0,232.0,234.0,322.0,373.0,412.0,409.0
12,403.0,366.0,390.0,398.0,380.0,336.0,336.0,332.0,352.0,407.0,453.0,447.0,349.0,393.0,390.0,386.0,402.0,394.0,384.0,359.0,357.0,345.0,332.0,259.0
13,255.0,292.0,319.0,297.0,305.0,158.0,160.0,152.0,145.0,122.0,182.0,267.0,303.0,336.0,381.0,398.0,373.0,357.0,337.0,354.0,368.0,403.0,438.0,428.0
14,402.0,403.0,347.0,292.0,237.0,197.0,38.0,31.0,24.0,62.0,223.0,287.0,347.0,368.0,377.0,371.0,331.0,262.0,288.0,283.0,311.0,319.0,407.0,352.0
15,361.0,357.0,383.0,381.0,371.0,388.0,378.0,367.0,368.0,387.0,417.0,400.0,385.0,354.0,213.0,190.0,228.0,331.0,320.0,309.0,313.0,331.0,337.0,341.0
16,349.0,349.0,349.0,361.0,373.0,349.0,361.0,358.0,387.0,401.0,382.0,379.0,377.0,392.0,363.0,332.0,299.0,169.0,198.0,276.0,311.0,379.0,338.0,337.0
17,435.0,500.0,453.0,432.0,370.0,358.0,357.0,345.0,319.0,301.0,262.0,309.0,335.0,369.0,356.0,260.0,128.0,116.0,113.0,150.0,224.0,296.0,329.0,378.0
18,408.0,401.0,362.0,363.0,346.0,349.0,320.0,305.0,300.0,272.0,313.0,335.0,307.0,223.0,,,,,223.0,187.0,208.0,302.0,359.0,345.0
19,342.0,207.0,,,,,,348.0,230.0,207.0,183.0,287.0,329.0,414.0,410.0,339.0,257.0,302.0,237.0,193.0,304.0,332.0,363.0,348.0
20,354.0,348.0,357.0,240.0,130.0,103.0,107.0,167.0,113.0,110.0,143.0,183.0,240.0,301.0,327.0,309.0,124.0,109.0,90.0,139.0,187.0,318.0,311.0,324.0
21,328.0,342.0,341.0,322.0,328.0,325.0,329.0,367.0,391.0,407.0,444.0,463.0,367.0,349.0,312.0,170.0,177.0,129.0,157.0,197.0,290.0,335.0,,412.0
22,392.0,382.0,249.0,268.0,352.0,369.0,336.0,362.0,,,,390.0,314.0,209.0,267.0,200.0,160.0,136.0,134.0,134.0,4.0,277.0,312.0,338.0
23,,443.0,378.0,411.0,443.0,449.0,429.0,441.0,429.0,468.0,499.0,489.0,318.0,153.0,200.0,148.0,131.0,131.0,126.0,141.0,175.0,224.0,340.0,368.0
24,390.0,468.0,431.0,,,,,,,,500.0,500.0,308.0,195.0,399.0,290.0,131.0,119.0,131.0,,,,409.0,414.0
25,418.0,406.0,500.0,432.0,414.0,428.0,432.0,448.0,444.0,429.0,446.0,416.0,419.0,345.0,324.0,240.0,167.0,130.0,153.0,163.0,155.0,217.0,308.0,302.0
26,328.0,332.0,302.0,237.0,223.0,253.0,297.0,350.0,361.0,349.0,358.0,316.0,177.0,130.0,137.0,107.0,116.0,122.0,135.0,146.0,196.0,312.0,381.0,500.0
27,418.0,315.0,,390.0,,298.0,246.0,260.0,,145.0,138.0,162.0,240.0,256.0,207.0,178.0,142.0,131.0,140.0,150.0,185.0,202.0,159.0,175.0
28,240.0,287.0,260.0,223.0,163.0,193.0,152.0,151.0,152.0,250.0,304.0,309.0,261.0,199.0,171.0,159.0,141.0,134.0,133.0,133.0,187.0,216.0,252.0,205.0
"
"
March-2021,00:00:00,01:00:00,02:00:00,03:00:00,04:00:00,05:00:00,06:00:00,07:00:00,08:00:00,09:00:00,10:00:00,11:00:00,12:00:00,13:00:00,14:00:00,15:00:00,16:00:00,17:00:00,18:00:00,19:00:00,20:00:00,21:00:00,22:00:00,23:00:00
1,218.0,230.0,251.0,237.0,220.0,302.0,213.0,197.0,213.0,240.0,316.0,316.0,181.0,126.0,121.0,126.0,129.0,137.0,125.0,103.0,147.0,163.0,233.0,270.0
2,267.0,143.0,183.0,147.0,257.0,240.0,230.0,260.0,309.0,301.0,150.0,162.0,162.0,181.0,173.0,227.0,195.0,170.0,134.0,109.0,168.0,161.0,153.0,180.0
3,220.0,243.0,243.0,220.0,220.0,270.0,257.0,314.0,353.0,383.0,345.0,310.0,293.0,240.0,134.0,125.0,120.0,121.0,119.0,115.0,181.0,391.0,352.0,500.0
4,461.0,396.0,362.0,415.0,410.0,378.0,388.0,410.0,404.0,434.0,403.0,304.0,143.0,241.0,316.0,307.0,270.0,183.0,228.0,197.0,196.0,378.0,306.0,217.0
5,302.0,304.0,314.0,325.0,355.0,339.0,334.0,342.0,334.0,323.0,311.0,156.0,153.0,140.0,126.0,,,,,,,,,
6,,,,,,,,,,,,,,,,,,,,,,,,
7,,,,,,,,,,,,,293.0,230.0,242.0,255.0,198.0,166.0,160.0,217.0,200.0,273.0,335.0,329.0
8,277.0,197.0,162.0,152.0,143.0,145.0,250.0,314.0,325.0,328.0,328.0,315.0,302.0,277.0,253.0,219.0,,,134.0,213.0,237.0,293.0,364.0,358.0
9,349.0,346.0,363.0,355.0,346.0,348.0,351.0,358.0,363.0,372.0,382.0,375.0,307.0,306.0,297.0,302.0,287.0,273.0,237.0,202.0,237.0,309.0,472.0,146.0
10,125.0,57.0,39.0,66.0,160.0,145.0,159.0,213.0,197.0,196.0,304.0,153.0,155.0,137.0,160.0,154.0,159.0,135.0,129.0,139.0,138.0,161.0,203.0,318.0
11,356.0,348.0,342.0,322.0,308.0,325.0,334.0,315.0,315.0,325.0,341.0,337.0,305.0,181.0,253.0,221.0,163.0,149.0,147.0,185.0,186.0,287.0,334.0,301.0
12,304.0,403.0,330.0,411.0,403.0,315.0,257.0,302.0,335.0,327.0,187.0,253.0,306.0,161.0,146.0,149.0,165.0,140.0,115.0,121.0,167.0,193.0,123.0,130.0
13,129.0,127.0,197.0,220.0,293.0,321.0,311.0,312.0,331.0,370.0,338.0,337.0,345.0,177.0,157.0,139.0,118.0,111.0,80.0,69.0,111.0,114.0,226.0,388.0
14,323.0,328.0,341.0,349.0,305.0,237.0,160.0,167.0,203.0,309.0,329.0,306.0,290.0,207.0,150.0,113.0,108.0,101.0,101.0,105.0,129.0,163.0,220.0,273.0
15,349.0,290.0,319.0,250.0,287.0,183.0,297.0,318.0,375.0,388.0,368.0,217.0,193.0,,,,,,,60.0,168.0,252.0,237.0,293.0
16,277.0,187.0,261.0,206.0,220.0,273.0,301.0,312.0,351.0,398.0,344.0,243.0,188.0,226.0,296.0,374.0,390.0,346.0,285.0,285.0,285.0,403.0,391.0,419.0
17,410.0,262.0,277.0,252.0,374.0,390.0,360.0,394.0,445.0,443.0,401.0,257.0,,,,300.0,265.0,277.0,270.0,276.0,366.0,410.0,,500.0
18,426.0,439.0,476.0,437.0,436.0,404.0,,,,405.0,430.0,402.0,412.0,399.0,293.0,211.0,201.0,201.0,194.0,182.0,224.0,314.0,425.0,423.0
19,417.0,449.0,319.0,390.0,328.0,323.0,263.0,230.0,260.0,229.0,294.0,335.0,240.0,184.0,164.0,164.0,95.0,131.0,127.0,123.0,153.0,168.0,179.0,181.0
20,141.0,161.0,181.0,331.0,354.0,335.0,354.0,348.0,345.0,395.0,359.0,327.0,237.0,233.0,129.0,129.0,170.0,127.0,133.0,131.0,156.0,161.0,245.0,422.0
21,391.0,500.0,418.0,350.0,421.0,421.0,448.0,420.0,474.0,500.0,470.0,320.0,,,,,,,40.0,141.0,157.0,141.0,177.0,233.0
22,306.0,328.0,325.0,355.0,243.0,147.0,115.0,109.0,105.0,125.0,123.0,137.0,148.0,192.0,156.0,380.0,155.0,139.0,,159.0,164.0,295.0,252.0,177.0
23,210.0,246.0,253.0,270.0,135.0,270.0,314.0,303.0,184.0,312.0,187.0,240.0,216.0,241.0,403.0,167.0,131.0,175.0,465.0,123.0,,,,145.0
24,155.0,193.0,277.0,250.0,257.0,111.0,115.0,230.0,293.0,320.0,342.0,237.0,186.0,157.0,153.0,159.0,159.0,143.0,151.0,126.0,139.0,138.0,131.0,163.0
25,159.0,144.0,124.0,124.0,163.0,109.0,105.0,94.0,193.0,180.0,177.0,118.0,133.0,115.0,109.0,101.0,101.0,96.0,91.0,85.0,103.0,122.0,130.0,147.0
26,160.0,220.0,113.0,110.0,84.0,80.0,143.0,223.0,302.0,304.0,233.0,130.0,97.0,103.0,105.0,102.0,111.0,101.0,100.0,99.0,111.0,131.0,155.0,166.0
27,159.0,,,,,,,,432.0,492.0,423.0,350.0,197.0,135.0,126.0,119.0,119.0,113.0,117.0,105.0,120.0,168.0,289.0,443.0
28,443.0,344.0,277.0,308.0,332.0,366.0,318.0,325.0,381.0,423.0,,,,,,160.0,141.0,119.0,,,,,,
29,,,,,,,,,,,,,,,,,,,,,,,,
30,,,,,,,,,,,,,,,,92.0,,,,,,,,
31,,,,,,,,,,,,,,,,,181.0,178.0,162.0,167.0,155.0,175.0,165.0,149.0
"
"
April-2021,00:00:00,01:00:00,02:00:00,03:00:00,04:00:00,05:00:00,06:00:00,07:00:00,08:00:00,09:00:00,10:00:00,11:00:00,12:00:00,13:00:00,14:00:00,15:00:00,16:00:00,17:00:00,18:00:00,19:00:00,20:00:00,21:00:00,22:00:00,23:00:00
1,122.0,99.0,103.0,145.0,145.0,187.0,197.0,217.0,237.0,240.0,212.0,232.0,175.0,185.0,344.0,315.0,177.0,235.0,224.0,167.0,134,123.0,129.0,133.0
2,134.0,155.0,305.0,223.0,315.0,335.0,301.0,290.0,327.0,324.0,260.0,193.0,134.0,118.0,101.0,93.0,96.0,98.0,99.0,86.0,92,145.0,165.0,237.0
3,293.0,207.0,207.0,170.0,163.0,344.0,305.0,270.0,240.0,304.0,325.0,126.0,118.0,127.0,145.0,132.0,126.0,120.0,108.0,94.0,100,170.0,191.0,243.0
4,177.0,144.0,354.0,257.0,237.0,193.0,250.0,334.0,342.0,375.0,365.0,315.0,142.0,114.0,109.0,109.0,109.0,,,,133,185.0,183.0,212.0
5,230.0,131.0,131.0,123.0,253.0,220.0,250.0,180.0,233.0,293.0,297.0,310.0,298.0,180.0,197.0,,246.0,274.0,141.0,146.0,153,190.0,238.0,303.0
6,307.0,337.0,342.0,358.0,355.0,332.0,344.0,358.0,350.0,366.0,342.0,315.0,312.0,308.0,280.0,244.0,221.0,213.0,210.0,212.0,276,,,
7,,,,,,,,,,,,163.0,191.0,197.0,178.0,178.0,132.0,120.0,146.0,123.0,166,179.0,252.0,146.0
8,155.0,207.0,141.0,142.0,129.0,130.0,129.0,150.0,177.0,183.0,167.0,155.0,134.0,135.0,121.0,115.0,119.0,124.0,129.0,104.0,227,215.0,262.0,197.0
9,205.0,315.0,293.0,328.0,307.0,237.0,193.0,260.0,290.0,280.0,137.0,131.0,143.0,144.0,157.0,146.0,128.0,121.0,119.0,110.0,137,215.0,391.0,413.0
10,320.0,280.0,167.0,141.0,118.0,123.0,277.0,233.0,356.0,332.0,312.0,230.0,177.0,139.0,141.0,118.0,114.0,105.0,102.0,108.0,138,270.0,285.0,342.0
11,401.0,329.0,219.0,153.0,170.0,257.0,305.0,306.0,193.0,302.0,309.0,162.0,124.0,116.0,119.0,114.0,116.0,117.0,123.0,121.0,215,288.0,411.0,349.0
12,358.0,390.0,399.0,405.0,390.0,346.0,410.0,371.0,427.0,483.0,412.0,280.0,160.0,149.0,157.0,142.0,163.0,152.0,197.0,174.0,255,312.0,446.0,445.0
13,382.0,401.0,308.0,381.0,243.0,374.0,315.0,381.0,456.0,414.0,365.0,384.0,319.0,239.0,222.0,175.0,213.0,209.0,175.0,179.0,160,194.0,366.0,408.0
14,382.0,284.0,246.0,244.0,245.0,272.0,193.0,203.0,273.0,368.0,345.0,174.0,140.0,142.0,127.0,127.0,131.0,141.0,157.0,157.0,197,265.0,252.0,217.0
15,255.0,256.0,232.0,253.0,345.0,421.0,436.0,404.0,388.0,398.0,326.0,287.0,268.0,233.0,217.0,223.0,163.0,179.0,182.0,161.0,182,256.0,274.0,306.0
16,413.0,344.0,366.0,301.0,309.0,270.0,318.0,,,,,,,,,,,171.0,171.0,,23,139.0,57.0,28.0
17,32.0,36.0,58.0,75.0,91.0,114.0,120.0,105.0,123.0,160.0,332.0,,,61.0,,53.0,61.0,77.0,74.0,68.0,88,114.0,148.0,183.0
18,163.0,301.0,410.0,257.0,223.0,250.0,270.0,250.0,287.0,333.0,382.0,267.0,119.0,111.0,109.0,92.0,101.0,107.0,117.0,125.0,142,149.0,,
19,,,,,,,,,,325.0,337.0,203.0,125.0,135.0,133.0,137.0,126.0,149.0,137.0,166.0,183,339.0,455.0,405.0
20,398.0,401.0,240.0,193.0,181.0,207.0,237.0,297.0,223.0,362.0,309.0,179.0,157.0,148.0,,,119.0,159.0,152.0,157.0,500,411.0,124.0,133.0
21,114.0,103.0,66.0,69.0,65.0,65.0,240.0,301.0,316.0,307.0,180.0,130.0,94.0,94.0,85.0,96.0,95.0,79.0,74.0,95.0,80,117.0,141.0,197.0
22,179.0,141.0,134.0,143.0,138.0,150.0,140.0,145.0,159.0,305.0,193.0,123.0,133.0,129.0,101.0,99.0,107.0,,,107.0,137,182.0,199.0,166.0
23,157.0,149.0,170.0,130.0,187.0,182.0,159.0,187.0,157.0,121.0,157.0,123.0,127.0,90.0,,,83.0,97.0,85.0,74.0,104,144.0,167.0,139.0
24,111.0,94.0,109.0,97.0,94.0,193.0,183.0,167.0,143.0,220.0,138.0,95.0,64.0,67.0,68.0,70.0,78.0,85.0,83.0,83.0,99,123.0,130.0,190.0
25,197.0,304.0,319.0,328.0,349.0,356.0,396.0,361.0,342.0,287.0,130.0,135.0,114.0,112.0,102.0,97.0,99.0,97.0,98.0,102.0,126,165.0,163.0,306.0
26,355.0,410.0,410.0,416.0,430.0,453.0,447.0,444.0,478.0,485.0,466.0,402.0,270.0,168.0,149.0,167.0,197.0,159.0,245.0,175.0,167,349.0,431.0,429.0
27,500.0,500.0,476.0,458.0,433.0,430.0,462.0,500.0,500.0,500.0,499.0,397.0,303.0,233.0,192.0,179.0,196.0,220.0,226.0,199.0,222,315.0,424.0,444.0
28,500.0,459.0,435.0,461.0,466.0,500.0,500.0,500.0,500.0,500.0,500.0,390.0,348.0,206.0,194.0,199.0,179.0,189.0,189.0,171.0,171,284.0,424.0,422.0
29,358.0,384.0,432.0,451.0,439.0,458.0,452.0,475.0,500.0,500.0,470.0,354.0,209.0,227.0,184.0,174.0,189.0,169.0,420.0,487.0,415,483.0,320.0,311.0
30,355.0,414.0,278.0,354.0,249.0,273.0,301.0,410.0,342.0,422.0,436.0,385.0,294.0,271.0,,,271.0,185.0,217.0,181.0,219,429.0,287.0,341.0
"
"
May-2021,00:00:00,01:00:00,02:00:00,03:00:00,04:00:00,05:00:00,06:00:00,07:00:00,08:00:00,09:00:00,10:00:00,11:00:00,12:00:00,13:00:00,14:00:00,15:00:00,16:00:00,17:00:00,18:00:00,19:00:00,20:00:00,21:00:00,22:00:00,23:00:00
1,306.0,344.0,130.0,145.0,151.0,,,,,,,,257.0,195.0,261.0,215.0,268,270.0,247.0,164.0,203.0,471.0,312.0,
2,256.0,293.0,213.0,185.0,,,,,,,,,315.0,228.0,173.0,147.0,143,448.0,,,127.0,,,
3,,,,,,,,,,,,,,271.0,188.0,147.0,130,142.0,137.0,127.0,131.0,153.0,202.0,308.0
4,339.0,293.0,315.0,309.0,223.0,193.0,200.0,308.0,304.0,348.0,312.0,180.0,280.0,160.0,135.0,115.0,101,107.0,108.0,107.0,120.0,159.0,216.0,277.0
5,181.0,179.0,167.0,137.0,176.0,169.0,,,304.0,157.0,162.0,171.0,174.0,179.0,196.0,219.0,201,196.0,192.0,167.0,234.0,195.0,232.0,190.0
6,164.0,180.0,243.0,140.0,127.0,127.0,197.0,335.0,338.0,277.0,160.0,166.0,164.0,163.0,157.0,147.0,153,194.0,500.0,105.0,,,28.0,70.0
7,70.0,70.0,68.0,84.0,77.0,78.0,83.0,95.0,157.0,160.0,118.0,163.0,113.0,105.0,123.0,141.0,147,162.0,172.0,143.0,90.0,120.0,167.0,183.0
8,207.0,320.0,280.0,257.0,293.0,297.0,304.0,307.0,323.0,342.0,332.0,135.0,162.0,163.0,179.0,189.0,226,232.0,250.0,212.0,119.0,150.0,170.0,217.0
9,304.0,163.0,148.0,153.0,137.0,237.0,257.0,290.0,348.0,320.0,240.0,167.0,177.0,226.0,254.0,123.0,271,275.0,166.0,155.0,108.0,115.0,125.0,122.0
10,126.0,134.0,131.0,79.0,79.0,120.0,97.0,92.0,213.0,200.0,130.0,,109.0,128.0,102.0,113.0,136,160.0,157.0,117.0,119.0,125.0,197.0,315.0
11,308.0,318.0,309.0,348.0,333.0,,,,,,112.0,121.0,151.0,,,133.0,201,226.0,217.0,134.0,127.0,131.0,141.0,133.0
12,72.0,86.0,64.0,297.0,66.0,86.0,85.0,105.0,119.0,297.0,111.0,94.0,167.0,120.0,166.0,277.0,430,369.0,145.0,145.0,131.0,134.0,117.0,140.0
13,140.0,180.0,310.0,342.0,305.0,160.0,105.0,103.0,95.0,77.0,88.0,100.0,102.0,101.0,102.0,68.0,55,57.0,51.0,48.0,53.0,94.0,93.0,180.0
14,223.0,187.0,293.0,240.0,253.0,308.0,273.0,287.0,309.0,337.0,297.0,160.0,97.0,81.0,100.0,69.0,78,100.0,129.0,146.0,172.0,147.0,121.0,155.0
15,143.0,74.0,84.0,80.0,145.0,108.0,116.0,129.0,193.0,301.0,454.0,152.0,179.0,197.0,149.0,150.0,141,407.0,141.0,90.0,80.0,107.0,146.0,133.0
16,143.0,147.0,143.0,207.0,180.0,213.0,273.0,270.0,304.0,312.0,270.0,140.0,123.0,128.0,148.0,170.0,180,156.0,159.0,133.0,92.0,119.0,302.0,267.0
17,277.0,325.0,308.0,306.0,318.0,305.0,314.0,307.0,305.0,318.0,361.0,344.0,193.0,223.0,196.0,147.0,129,130.0,175.0,185.0,245.0,301.0,290.0,134.0
18,102.0,96.0,67.0,42.0,41.0,46.0,45.0,59.0,47.0,102.0,104.0,103.0,97.0,95.0,105.0,74.0,63,48.0,46.0,56.0,52.0,130.0,111.0,220.0
19,140.0,105.0,98.0,92.0,304.0,140.0,118.0,120.0,120.0,80.0,83.0,73.0,88.0,50.0,67.0,68.0,68,43.0,62.0,50.0,33.0,28.0,30.0,38.0
20,16.0,15.0,15.0,6.0,30.0,55.0,20.0,20.0,15.0,62.0,72.0,80.0,87.0,88.0,98.0,95.0,113,80.0,92.0,95.0,103.0,150.0,127.0,90.0
21,120.0,95.0,85.0,87.0,42.0,23.0,20.0,53.0,35.0,20.0,25.0,37.0,27.0,38.0,42.0,62.0,78,65.0,67.0,50.0,57.0,69.0,80.0,120.0
22,143.0,167.0,277.0,69.0,75.0,70.0,70.0,65.0,68.0,43.0,38.0,52.0,50.0,65.0,60.0,42.0,57,66.0,61.0,61.0,75.0,91.0,108.0,119.0
23,125.0,200.0,180.0,150.0,207.0,290.0,361.0,390.0,401.0,455.0,388.0,305.0,493.0,500.0,491.0,459.0,403,332.0,273.0,188.0,129.0,119.0,129.0,123.0
24,135.0,119.0,130.0,119.0,213.0,187.0,121.0,120.0,163.0,220.0,113.0,126.0,97.0,,,,105,97.0,99.0,102.0,129.0,133.0,141.0,153.0
25,141.0,129.0,123.0,95.0,105.0,109.0,119.0,130.0,125.0,109.0,118.0,125.0,133.0,113.0,96.0,77.0,79,78.0,78.0,93.0,90.0,131.0,301.0,416.0
26,200.0,161.0,180.0,170.0,,,,,,,,,,,96.0,90.0,85,71.0,80.0,88.0,100.0,151.0,151.0,159.0
27,185.0,,,,,,,,,112.0,125.0,127.0,133.0,116.0,109.0,107.0,89,,,,129.0,177.0,213.0,273.0
28,312.0,257.0,127.0,105.0,100.0,,,,,,,,,62.0,70.0,109.0,101,110.0,110.0,106.0,115.0,141.0,141.0,116.0
29,111.0,102.0,108.0,73.0,108.0,105.0,100.0,100.0,106.0,74.0,108.0,,105.0,102.0,,104.0,120,153.0,159.0,153.0,127.0,124.0,118.0,96.0
30,118.0,99.0,52.0,206.0,418.0,114.0,98.0,100.0,102.0,78.0,64.0,79.0,84.0,81.0,85.0,95.0,101,104.0,117.0,455.0,120.0,119.0,85.0,96.0
31,83.0,84.0,105.0,145.0,257.0,213.0,197.0,170.0,270.0,332.0,165.0,120.0,145.0,131.0,127.0,117.0,116,123.0,121.0,131.0,152.0,199.0,222.0,213.0
"
"
June-2021,00:00:00,01:00:00,02:00:00,03:00:00,04:00:00,05:00:00,06:00:00,07:00:00,08:00:00,09:00:00,10:00:00,11:00:00,12:00:00,13:00:00,14:00:00,15:00:00,16:00:00,17:00:00,18:00:00,19:00:00,20:00:00,21:00:00,22:00:00,23:00:00
1,301,213,159,,,50,62.0,59.0,61,64,70.0,,,,94.0,98.0,97.0,107.0,130,128.0,73,66.0,79.0,96.0
2,105,104,133,141.0,113.0,123,157.0,170.0,167,200,150.0,145.0,171.0,173.0,178.0,172.0,143.0,136.0,120,95.0,81,101.0,108.0,102.0
3,103,108,107,101.0,105.0,111,112.0,133.0,170,197,220.0,260.0,257.0,271.0,148.0,167.0,151.0,236.0,216,169.0,131,145.0,177.0,233.0
4,217,290,311,305.0,260.0,260,253.0,257.0,307,320,280.0,171.0,170.0,179.0,189.0,208.0,245.0,240.0,190,,330,97.0,123.0,101.0
5,89,88,89,75.0,150.0,109,160.0,217.0,143,126,91.0,110.0,139.0,,,,,,69,137.0,129,125.0,125.0,141.0
6,161,109,116,129.0,131.0,131,127.0,133.0,157,140,99.0,124.0,161.0,187.0,179.0,173.0,177.0,177.0,177,143.0,127,169.0,185.0,178.0
7,183,175,201,162.0,134.0,122,,135.0,226,325,302.0,191.0,186.0,167.0,182.0,139.0,124.0,123.0,128,135.0,137,168.0,200.0,207.0
8,246,306,417,311.0,287.0,281,285.0,263.0,283,222,268.0,263.0,318.0,249.0,240.0,277.0,405.0,460.0,500,500.0,500,312.0,500.0,338.0
9,354,338,500,499.0,455.0,414,315.0,185.0,177,187,304.0,326.0,332.0,335.0,384.0,402.0,361.0,369.0,358,336.0,309,400.0,417.0,401.0
10,336,352,340,346.0,192.0,145,131.0,129.0,127,118,137.0,152.0,177.0,191.0,196.0,206.0,234.0,256.0,235,199.0,149,127.0,107.0,99.0
11,187,187,35,30.0,35.0,45,56.0,53.0,72,127,133.0,125.0,135.0,152.0,157.0,179.0,207.0,227.0,223,210.0,199,161.0,250.0,142.0
12,114,109,91,77.0,68.0,89,100.0,89.0,101,88,94.0,107.0,107.0,117.0,121.0,117.0,109.0,83.0,74,69.0,70,70.0,202.0,52.0
13,49,62,73,115.0,92.0,97,73.0,100.0,113,111,70.0,70.0,62.0,70.0,73.0,95.0,71.0,85.0,94,94.0,100,103.0,119.0,147.0
14,177,133,160,187.0,180.0,56,78.0,77.0,78,83,88.0,,92.0,132.0,150.0,151.0,134.0,134.0,146,140.0,135,126.0,127.0,137.0
15,115,111,127,104.0,88.0,58,64.0,74.0,74,42,58.0,94.0,115.0,119.0,129.0,137.0,149.0,164.0,274,244.0,114,111.0,119.0,109.0
16,111,95,127,97.0,89.0,103,93.0,91.0,133,80,64.0,80.0,108.0,133.0,135.0,95.0,66.0,74.0,82,75.0,55,58.0,50.0,83.0
17,78,78,83,95.0,103.0,103,83.0,73.0,85,88,88.0,85.0,70.0,88.0,60.0,62.0,69.0,65.0,71,71.0,62,69.0,88.0,105.0
18,104,87,101,94.0,133.0,77,68.0,133.0,157,180,123.0,70.0,64.0,142.0,62.0,62.0,65.0,64.0,63,62.0,57,46.0,42.0,68.0
19,78,66,52,60.0,47.0,57,68.0,107.0,114,123,92.0,65.0,60.0,53.0,52.0,49.0,55.0,48.0,59,50.0,31,36.0,33.0,39.0
20,39,33,40,45.0,55.0,68,37.0,42.0,47,25,,25.0,25.0,25.0,25.0,25.0,28.0,25.0,25,25.0,30,31.0,41.0,42.0
21,55,62,55,55.0,56.0,60,78.0,60.0,66,67,40.0,40.0,48.0,59.0,45.0,38.0,40.0,44.0,51,59.0,73,109.0,127.0,192.0
22,175,163,145,117.0,118.0,107,112.0,129.0,217,149,456.0,160.0,173.0,159.0,149.0,129.0,145.0,137.0,133,138.0,159,188.0,199.0,171.0
23,260,250,244,281.0,216.0,200,215.0,253.0,374,500,461.0,423.0,211.0,186.0,163.0,161.0,145.0,125.0,138,145.0,155,166.0,189.0,250.0
24,255,119,102,89.0,81.0,75,59.0,67.0,133,92,89.0,109.0,140.0,149.0,159.0,162.0,172.0,243.0,99,72.0,102,153.0,153.0,272.0
25,131,127,129,141.0,120.0,164,164.0,187.0,240,273,181.0,187.0,205.0,182.0,165.0,171.0,171.0,163.0,175,184.0,360,96.0,101.0,123.0
26,118,115,103,84.0,103.0,129,114.0,,86,90,84.0,101.0,,118.0,112.0,124.0,128.0,,247,177.0,166,222.0,261.0,
27,207,278,337,225.0,204.0,194,180.0,151.0,168,175,170.0,170.0,171.0,163.0,155.0,159.0,157.0,144.0,147,149.0,157,157.0,246.0,232.0
28,207,336,250,215.0,197.0,260,320.0,312.0,302,273,,273.0,45.0,137.0,144.0,129.0,127.0,130.0,145,139.0,124,157.0,288.0,320.0
29,370,418,441,427.0,,329,254.0,219.0,273,303,328.0,179.0,188.0,204.0,185.0,175.0,179.0,170.0,171,181.0,183,,,279.0
30,228,229,261,293.0,318.0,315,303.0,193.0,163,160,252.0,424.0,319.0,244.0,26.0,299.0,437.0,500.0,500,500.0,500,479.0,500.0,500.0
"
"
July-2021,00:00:00,01:00:00,02:00:00,03:00:00,04:00:00,05:00:00,06:00:00,07:00:00,08:00:00,09:00:00,10:00:00,11:00:00,12:00:00,13:00:00,14:00:00,15:00:00,16:00:00,17:00:00,18:00:00,19:00:00,20:00:00,21:00:00,22:00:00,23:00:00
1,425.0,352.0,321.0,244.0,181.0,155.0,152.0,153.0,175.0,240.0,349.0,410.0,398.0,349.0,309.0,279.0,239.0,213.0,219.0,199.0,218.0,238.0,483.0,418.0
2,312.0,304.0,320.0,284.0,265.0,308.0,200.0,185.0,188.0,211.0,241.0,361.0,410.0,416.0,409.0,409.0,403.0,362.0,341.0,443.0,267.0,107.0,121.0,104.0
3,84.0,107.0,81.0,74.0,64.0,63.0,81.0,112.0,91.0,112.0,124.0,126.0,141.0,126.0,166.0,185.0,204.0,223.0,223.0,133.0,44.0,73.0,94.0,97.0
4,95.0,105.0,101.0,104.0,127.0,129.0,145.0,141.0,207.0,378.0,307.0,145.0,118.0,139.0,129.0,138.0,194.0,191.0,189.0,177.0,150.0,140.0,129.0,186.0
5,209.0,155.0,152.0,145.0,146.0,147.0,273.0,230.0,243.0,180.0,140.0,143.0,157.0,159.0,163.0,162.0,170.0,168.0,163.0,160.0,151.0,221.0,160.0,121.0
6,118.0,153.0,160.0,149.0,135.0,130.0,145.0,139.0,118.0,116.0,123.0,139.0,159.0,178.0,197.0,194.0,167.0,163.0,177.0,177.0,183.0,243.0,249.0,229.0
7,217.0,229.0,419.0,319.0,267.0,287.0,270.0,327.0,412.0,320.0,177.0,160.0,155.0,147.0,152.0,148.0,152.0,145.0,150.0,146.0,134.0,181.0,167.0,174.0
8,144.0,153.0,147.0,161.0,287.0,233.0,199.0,169.0,175.0,191.0,185.0,248.0,238.0,199.0,229.0,197.0,183.0,168.0,160.0,166.0,166.0,206.0,432.0,500.0
9,155.0,109.0,95.0,94.0,119.0,68.0,66.0,69.0,84.0,97.0,64.0,85.0,101.0,122.0,138.0,115.0,84.0,85.0,83.0,,103.0,131.0,151.0,155.0
10,178.0,203.0,125.0,109.0,84.0,85.0,94.0,101.0,105.0,103.0,80.0,94.0,78.0,66.0,73.0,57.0,63.0,47.0,48.0,,68.0,122.0,250.0,130.0
11,123.0,101.0,79.0,74.0,89.0,75.0,64.0,86.0,95.0,103.0,107.0,119.0,123.0,127.0,111.0,101.0,111.0,103.0,113.0,120.0,129.0,115.0,115.0,103.0
12,96.0,66.0,50.0,44.0,50.0,61.0,63.0,,64.0,,,101.0,122.0,109.0,111.0,118.0,107.0,103.0,111.0,,,,,
13,,,,,,,,,,,51.0,25.0,33.0,28.0,25.0,25.0,22.0,20.0,23.0,27.0,35.0,41.0,53.0,45.0
14,40.0,52.0,77.0,61.0,66.0,67.0,58.0,58.0,70.0,75.0,98.0,90.0,61.0,28.0,20.0,,25.0,30.0,42.0,40.0,30.0,32.0,38.0,38.0
15,47.0,52.0,58.0,55.0,60.0,65.0,83.0,60.0,59.0,73.0,87.0,77.0,74.0,77.0,36.0,20.0,25.0,28.0,25.0,37.0,42.0,42.0,40.0,50.0
16,70.0,72.0,74.0,112.0,94.0,78.0,70.0,58.0,73.0,68.0,77.0,96.0,105.0,102.0,90.0,70.0,51.0,57.0,50.0,45.0,48.0,63.0,70.0,89.0
17,143.0,115.0,112.0,133.0,115.0,119.0,107.0,135.0,109.0,115.0,117.0,130.0,143.0,140.0,143.0,133.0,99.0,94.0,103.0,107.0,110.0,140.0,163.0,217.0
18,103.0,81.0,115.0,80.0,72.0,85.0,68.0,59.0,73.0,70.0,73.0,70.0,66.0,92.0,114.0,100.0,95.0,99.0,94.0,94.0,85.0,80.0,64.0,57.0
19,55.0,50.0,40.0,38.0,45.0,23.0,22.0,22.0,25.0,22.0,25.0,25.0,25.0,20.0,20.0,25.0,25.0,25.0,25.0,30.0,30.0,26.0,28.0,30.0
20,,32.0,30.0,40.0,42.0,47.0,51.0,47.0,60.0,75.0,78.0,83.0,92.0,40.0,22.0,25.0,38.0,41.0,48.0,40.0,25.0,,,49.0
21,37.0,52.0,63.0,55.0,47.0,45.0,65.0,50.0,42.0,42.0,80.0,75.0,67.0,67.0,66.0,64.0,53.0,68.0,70.0,56.0,63.0,67.0,66.0,62.0
22,48.0,55.0,48.0,63.0,48.0,55.0,37.0,28.0,37.0,55.0,40.0,32.0,42.0,37.0,23.0,25.0,25.0,25.0,25.0,25.0,33.0,31.0,36.0,45.0
23,57.0,38.0,42.0,42.0,45.0,42.0,50.0,48.0,48.0,60.0,60.0,57.0,48.0,58.0,55.0,51.0,61.0,73.0,70.0,56.0,140.0,57.0,69.0,77.0
24,94.0,80.0,105.0,99.0,110.0,88.0,88.0,70.0,78.0,77.0,98.0,120.0,50.0,27.0,39.0,47.0,,,,,,,,
25,,,,,,,,,,,,,,,,,10.0,62.0,83.0,90.0,101.0,25.0,30.0,33.0
26,32.0,37.0,58.0,61.0,47.0,45.0,48.0,52.0,60.0,75.0,78.0,80.0,78.0,94.0,95.0,95.0,95.0,107.0,,,107.0,48.0,95.0,92.0
27,95.0,92.0,92.0,102.0,92.0,93.0,95.0,113.0,98.0,107.0,95.0,78.0,52.0,38.0,38.0,33.0,28.0,33.0,47.0,33.0,43.0,38.0,57.0,38.0
28,22.0,,,,,,,,,,40.0,40.0,25.0,36.0,33.0,,25.0,25.0,32.0,32.0,33.0,30.0,35.0,30.0
29,30.0,38.0,40.0,33.0,30.0,44.0,44.0,38.0,41.0,53.0,55.0,55.0,61.0,56.0,59.0,64.0,67.0,58.0,37.0,42.0,36.0,25.0,25.0,38.0
30,35.0,33.0,25.0,6.0,25.0,25.0,27.0,38.0,45.0,50.0,55.0,,,55.0,40.0,25.0,33.0,27.0,30.0,40.0,48.0,48.0,48.0,38.0
31,58.0,40.0,42.0,4.0,33.0,35.0,30.0,33.0,25.0,28.0,33.0,38.0,30.0,30.0,30.0,25.0,27.0,28.0,37.0,25.0,25.0,32.0,38.0,78.0
"
"
August-2021,00:00:00,01:00:00,02:00:00,03:00:00,04:00:00,05:00:00,06:00:00,07:00:00,08:00:00,09:00:00,10:00:00,11:00:00,12:00:00,13:00:00,14:00:00,15:00:00,16:00:00,17:00:00,18:00:00,19:00:00,20:00:00,21:00:00,22:00:00,23:00:00
1,83.0,104.0,90.0,101.0,130.0,130.0,135,109.0,20.0,23.0,25,25,30,28,29.0,31.0,40.0,42.0,51.0,51.0,30.0,35.0,45.0,40.0
2,40.0,48.0,52.0,55.0,48.0,75.0,197,97.0,107.0,123.0,107,113,70,32,23.0,28.0,32.0,25.0,25.0,25.0,25.0,25.0,30.0,30.0
3,38.0,57.0,60.0,57.0,65.0,38.0,95,42.0,40.0,37.0,47,57,48,45,37.0,30.0,25.0,25.0,25.0,25.0,39.0,42.0,48.0,58.0
4,70.0,48.0,48.0,45.0,42.0,34.0,42,39.0,42.0,25.0,20,22,20,30,33.0,25.0,27.0,28.0,32.0,28.0,46.0,53.0,,
5,,55.0,80.0,68.0,50.0,57.0,55,55.0,55.0,62.0,92,73,120,25,25.0,25.0,25.0,37.0,28.0,28.0,31.0,40.0,36.0,50.0
6,60.0,67.0,57.0,63.0,68.0,60.0,55,58.0,63.0,73.0,83,65,66,56,42.0,45.0,45.0,44.0,42.0,42.0,44.0,48.0,84.0,48.0
7,58.0,60.0,55.0,80.0,92.0,87.0,78,65.0,60.0,58.0,65,63,57,63,32.0,25.0,25.0,25.0,33.0,42.0,,,,60.0
8,73.0,60.0,60.0,52.0,52.0,52.0,50,48.0,50.0,75.0,97,93,97,103,87.0,33.0,52.0,25.0,23.0,25.0,28.0,32.0,32.0,30.0
9,27.0,30.0,32.0,37.0,47.0,67.0,65,55.0,60.0,65.0,85,98,123,183,157.0,203.0,183.0,107.0,52.0,48.0,70.0,91.0,94.0,97.0
10,102.0,95.0,109.0,92.0,58.0,63.0,58,64.0,77.0,80.0,81,80,101,111,130.0,131.0,131.0,131.0,138.0,125.0,127.0,125.0,167.0,166.0
11,140.0,162.0,134.0,101.0,84.0,77.0,78,74.0,78.0,77.0,85,107,119,135,122.0,118.0,133.0,131.0,133.0,125.0,134.0,142.0,129.0,
12,,,,,,,89,83.0,85.0,90.0,102,111,119,123,122.0,127.0,118.0,118.0,118.0,120.0,116.0,117.0,127.0,119.0
13,125.0,113.0,138.0,116.0,92.0,80.0,74,68.0,75.0,80.0,79,91,111,108,108.0,108.0,107.0,102.0,115.0,103.0,101.0,101.0,119.0,133.0
14,114.0,101.0,108.0,126.0,96.0,70.0,92,69.0,77.0,73.0,78,107,97,107,109.0,112.0,119.0,115.0,113.0,118.0,116.0,120.0,112.0,99.0
15,88.0,94.0,135.0,115.0,100.0,73.0,53,80.0,79.0,80.0,91,107,109,117,117.0,115.0,115.0,120.0,123.0,119.0,124.0,121.0,115.0,117.0
16,126.0,139.0,133.0,116.0,131.0,116.0,83,64.0,74.0,74.0,85,102,104,105,99.0,109.0,119.0,119.0,127.0,133.0,124.0,120.0,125.0,119.0
17,162.0,146.0,114.0,103.0,107.0,146.0,135,124.0,150.0,151.0,157,141,150,134,131.0,127.0,125.0,127.0,129.0,131.0,145.0,156.0,157.0,140.0
18,170.0,150.0,197.0,200.0,153.0,114.0,122,163.0,170.0,159.0,152,159,160,133,131.0,122.0,130.0,133.0,124.0,129.0,145.0,141.0,180.0,277.0
19,287.0,213.0,170.0,193.0,150.0,150.0,150,163.0,170.0,223.0,257,200,123,133,124.0,135.0,133.0,177.0,133.0,101.0,110.0,183.0,183.0,187.0
20,140.0,170.0,147.0,130.0,93.0,93.0,97,92.0,98.0,110.0,62,78,32,39,42.0,32.0,40.0,28.0,30.0,33.0,42.0,60.0,60.0,35.0
21,48.0,38.0,57.0,58.0,48.0,30.0,25,,,,13,30,57,65,60.0,25.0,25.0,25.0,28.0,30.0,30.0,32.0,30.0,40.0
22,45.0,25.0,30.0,40.0,37.0,25.0,25,33.0,37.0,58.0,77,38,65,73,77.0,77.0,63.0,70.0,30.0,65.0,67.0,73.0,87.0,93.0
23,93.0,79.0,87.0,78.0,78.0,23.0,33,47.0,20.0,25.0,30,42,45,70,80.0,77.0,80.0,67.0,61.0,47.0,50.0,64.0,89.0,63.0
24,32.0,33.0,47.0,58.0,48.0,96.0,99,150.0,120.0,123.0,97,95,68,60,58.0,48.0,57.0,56.0,48.0,69.0,67.0,103.0,126.0,121.0
25,116.0,131.0,113.0,99.0,83.0,120.0,99,96.0,99.0,90.0,100,102,133,119,117.0,115.0,116.0,115.0,119.0,115.0,114.0,129.0,116.0,120.0
26,150.0,111.0,67.0,50.0,63.0,67.0,63,77.0,99.0,109.0,129,147,139,135,141.0,127.0,125.0,127.0,125.0,138.0,111.0,122.0,196.0,141.0
27,148.0,152.0,133.0,101.0,109.0,92.0,94,90.0,101.0,115.0,124,134,145,157,171.0,159.0,167.0,167.0,163.0,131.0,123.0,141.0,156.0,160.0
28,160.0,131.0,116.0,121.0,139.0,125.0,119,107.0,107.0,116.0,134,125,126,133,137.0,123.0,38.0,123.0,35.0,69.0,99.0,103.0,120.0,105.0
29,107.0,112.0,123.0,123.0,100.0,95.0,83,89.0,91.0,93.0,107,101,103,103,109.0,109.0,121.0,121.0,121.0,143.0,135.0,145.0,111.0,81.0
30,67.0,62.0,47.0,37.0,72.0,55.0,25,33.0,58.0,30.0,37,32,30,30,,,,,,,,,,
31,,,,,,,37,35.0,39.0,38.0,34,34,42,48,50.0,13.0,9.0,9.0,9.0,15.0,,32.0,37.0,48.0
"
"
September-2021,00:00:00,01:00:00,02:00:00,03:00:00,04:00:00,05:00:00,06:00:00,07:00:00,08:00:00,09:00:00,10:00:00,11:00:00,12:00:00,13:00:00,14:00:00,15:00:00,16:00:00,17:00:00,18:00:00,19:00:00,20:00:00,21:00:00,22:00:00,23:00:00
1,30,37.0,30.0,42.0,57.0,33.0,32.0,29.0,27.0,27.0,11.0,11.0,9.0,10.0,20.0,25.0,25.0,30.0,30.0,35.0,35,32,35,37
2,40,35.0,35.0,,35.0,35.0,35.0,35.0,35.0,30.0,30.0,25.0,31.0,25.0,25.0,25.0,30.0,30.0,30.0,32.0,35,37,48,67
3,73,103.0,100.0,110.0,23.0,25.0,25.0,25.0,25.0,28.0,32.0,60.0,65.0,78.0,68.0,46.0,46.0,38.0,33.0,42.0,42,27,28,30
4,30,30.0,30.0,22.0,30.0,35.0,52.0,25.0,25.0,30.0,30.0,35.0,40.0,59.0,77.0,63.0,,,45.0,50.0,57,57,65,57
5,55,120.0,103.0,143.0,200.0,147.0,94.0,93.0,110.0,207.0,197.0,213.0,110.0,93.0,83.0,48.0,27.0,52.0,81.0,63.0,64,73,78,80
6,105,123.0,98.0,93.0,97.0,110.0,92.0,85.0,97.0,147.0,197.0,85.0,60.0,68.0,37.0,46.0,62.0,57.0,62.0,55.0,47,50,83,107
7,113,130.0,83.0,63.0,68.0,68.0,50.0,42.0,50.0,83.0,,,87.0,,,93.0,88.0,,48.0,,75,30,32,30
8,30,35.0,52.0,61.0,46.0,39.0,44.0,30.0,41.0,34.0,35.0,30.0,30.0,31.0,31.0,25.0,30.0,,,35.0,51,55,50,50
9,64,58.0,59.0,59.0,57.0,46.0,47.0,35.0,46.0,39.0,42.0,40.0,40.0,45.0,33.0,30.0,33.0,33.0,32.0,48.0,57,58,97,119
10,112,95.0,79.0,87.0,57.0,58.0,47.0,48.0,47.0,42.0,37.0,47.0,57.0,60.0,55.0,39.0,39.0,30.0,30.0,35.0,68,63,42,32
11,48,50.0,57.0,50.0,33.0,29.0,27.0,25.0,25.0,,,,,,3.0,38.0,45.0,48.0,50.0,53.0,52,30,33,35
12,30,30.0,30.0,12.0,25.0,25.0,25.0,25.0,30.0,32.0,35.0,50.0,67.0,58.0,60.0,65.0,50.0,52.0,48.0,60.0,66,58,66,84
13,77,78.0,67.0,52.0,42.0,45.0,47.0,45.0,40.0,45.0,48.0,60.0,50.0,48.0,39.0,30.0,25.0,28.0,37.0,48.0,37,30,30,33
14,30,25.0,25.0,14.0,31.0,38.0,40.0,44.0,37.0,59.0,67.0,68.0,52.0,52.0,60.0,38.0,42.0,30.0,30.0,35.0,36,42,61,73
15,51,63.0,45.0,25.0,77.0,61.0,44.0,39.0,35.0,39.0,33.0,56.0,57.0,47.0,53.0,,,34.0,30.0,36.0,40,84,52,104
16,218,209.0,182.0,129.0,129.0,157.0,108.0,124.0,147.0,133.0,86.0,69.0,62.0,23.0,33.0,37.0,28.0,20.0,25.0,20.0,25,32,38,35
17,38,35.0,32.0,20.0,28.0,30.0,30.0,30.0,32.0,37.0,33.0,30.0,30.0,30.0,34.0,30.0,30.0,25.0,30.0,30.0,33,38,42,59
18,55,62.0,48.0,50.0,30.0,47.0,60.0,50.0,32.0,40.0,33.0,33.0,30.0,30.0,33.0,28.0,30.0,30.0,30.0,32.0,42,52,70,85
19,85,75.0,88.0,79.0,63.0,57.0,57.0,58.0,55.0,58.0,68.0,65.0,42.0,36.0,31.0,30.0,33.0,42.0,55.0,66.0,70,75,97,99
20,63,66.0,46.0,69.0,44.0,42.0,58.0,72.0,92.0,90.0,70.0,57.0,47.0,47.0,50.0,58.0,66.0,69.0,66.0,79.0,183,89,157,96
21,79,74.0,107.0,133.0,140.0,133.0,133.0,150.0,120.0,130.0,95.0,62.0,69.0,53.0,58.0,58.0,56.0,69.0,69.0,32.0,33,32,37,52
22,67,59.0,80.0,85.0,77.0,59.0,47.0,47.0,52.0,25.0,28.0,28.0,29.0,30.0,39.0,36.0,31.0,30.0,30.0,35.0,39,42,50,38
23,50,48.0,52.0,47.0,33.0,30.0,33.0,32.0,48.0,48.0,68.0,84.0,72.0,69.0,62.0,67.0,61.0,72.0,84.0,139.0,100,30,25,25
24,25,25.0,25.0,9.0,25.0,35.0,33.0,30.0,33.0,57.0,40.0,40.0,33.0,36.0,33.0,32.0,30.0,32.0,38.0,40.0,46,37,37,42
25,32,25.0,27.0,30.0,34.0,33.0,28.0,25.0,30.0,33.0,38.0,45.0,47.0,30.0,40.0,30.0,30.0,30.0,42.0,40.0,47,50,40,40
26,27,25.0,30.0,28.0,30.0,30.0,30.0,33.0,30.0,45.0,30.0,70.0,67.0,52.0,45.0,38.0,36.0,42.0,38.0,39.0,58,68,88,97
27,97,107.0,83.0,85.0,88.0,85.0,80.0,73.0,75.0,78.0,93.0,85.0,110.0,80.0,65.0,83.0,58.0,45.0,51.0,141.0,84,141,145,170
28,167,,,,,,,,,,,101.0,81.0,94.0,48.0,41.0,68.0,30.0,30.0,41.0,52,41,68,70
29,74,70.0,72.0,50.0,53.0,55.0,51.0,48.0,63.0,63.0,61.0,66.0,66.0,52.0,48.0,48.0,48.0,50.0,45.0,64.0,60,98,97,88
30,109,105.0,101.0,85.0,83.0,80.0,78.0,72.0,80.0,99.0,103.0,102.0,89.0,85.0,85.0,73.0,91.0,85.0,66.0,113.0,111,119,133,193
"
"
October-2021,00:00:00,01:00:00,02:00:00,03:00:00,04:00:00,05:00:00,06:00:00,07:00:00,08:00:00,09:00:00,10:00:00,11:00:00,12:00:00,13:00:00,14:00:00,15:00:00,16:00:00,17:00:00,18:00:00,19:00:00,20:00:00,21:00:00,22:00:00,23:00:00
1,153,193.0,159.0,141.0,133.0,114.0,90.0,77.0,99.0,143,183.0,157.0,147,99.0,91.0,103.0,91.0,73.0,79,95,88,142,224,195
2,185,203.0,233.0,180.0,250.0,193.0,203.0,197.0,207.0,197,163.0,105.0,78,81.0,65.0,52.0,72.0,73.0,72,91,95,111,113,130
3,113,129.0,113.0,99.0,103.0,103.0,105.0,88.0,120.0,183,140.0,104.0,91,61.0,59.0,58.0,61.0,53.0,52,72,121,119,133,134
4,145,149.0,114.0,103.0,95.0,88.0,75.0,90.0,97.0,118,81.0,68.0,84,73.0,51.0,62.0,58.0,130.0,197,161,64,85,111,108
5,92,109.0,95.0,55.0,60.0,25.0,25.0,27.0,45.0,61,72.0,105.0,85,94.0,97.0,72.0,104.0,159.0,133,113,122,111,89,111
6,102,113.0,103.0,92.0,100.0,129.0,85.0,96.0,115.0,143,123.0,141.0,115,96.0,79.0,67.0,45.0,67.0,80,80,58,105,85,83
7,91,107.0,111.0,108.0,107.0,103.0,170.0,127.0,120.0,160,147.0,133.0,143,122.0,108.0,109.0,115.0,120.0,140,149,138,152,142,137
8,203,217.0,179.0,,,,,207.0,200.0,160,149.0,155.0,181,145.0,143.0,131.0,123.0,121.0,135,140,164,201,207,243
9,293,290.0,270.0,280.0,280.0,311.0,320.0,267.0,233.0,270,290.0,243.0,144,148.0,145.0,111.0,97.0,107.0,97,131,149,175,217,280
10,302,315.0,213.0,203.0,230.0,233.0,203.0,243.0,250.0,293,301.0,177.0,139,141.0,116.0,101.0,77.0,75.0,85,105,126,230,246,250
11,273,240.0,429.0,307.0,213.0,233.0,207.0,287.0,318.0,257,155.0,127.0,172,126.0,99.0,101.0,81.0,84.0,112,257,150,147,160,177
12,200,197.0,200.0,230.0,217.0,207.0,273.0,315.0,302.0,260,287.0,213.0,201,179.0,149.0,104.0,85.0,88.0,111,153,142,182,169,183
13,180,318.0,309.0,260.0,310.0,311.0,217.0,200.0,280.0,328,310.0,312.0,203,165.0,153.0,141.0,153.0,139.0,149,181,220,303,320,223
14,140,148.0,175.0,163.0,197.0,183.0,207.0,203.0,179.0,167,183.0,267.0,202,167.0,,,,,126,177,155,181,203,230
15,177,143.0,123.0,147.0,187.0,253.0,220.0,237.0,315.0,315,,,183,142.0,131.0,126.0,111.0,104.0,94,112,166,207,301,321
16,318,356.0,324.0,308.0,305.0,345.0,340.0,342.0,336.0,350,365.0,362.0,349,327.0,277.0,277.0,293.0,293.0,307,321,399,398,409,385
17,371,395.0,402.0,489.0,492.0,485.0,469.0,427.0,386.0,354,302.0,113.0,133,93.0,50.0,42.0,30.0,30.0,30,30,33,35,30,25
18,28,25.0,20.0,15.0,25.0,30.0,30.0,30.0,30.0,25,25.0,25.0,25,25.0,25.0,28.0,35.0,35.0,40,40,47,45,64,59
19,63,63.0,50.0,57.0,73.0,80.0,45.0,45.0,42.0,48,48.0,44.0,41,,41.0,44.0,75.0,147.0,130,133,193,217,253,257
20,277,297.0,321.0,323.0,308.0,297.0,302.0,308.0,297.0,308,301.0,290.0,273,237.0,140.0,105.0,107.0,127.0,143,160,238,403,310,321
21,303,,302.0,314.0,308.0,293.0,311.0,302.0,270.0,273,,175.0,165,161.0,155.0,156.0,144.0,149.0,163,165,178,193,257,253
22,280,324.0,307.0,316.0,322.0,273.0,207.0,127.0,122.0,119,111.0,111.0,103,79.0,86.0,81.0,92.0,86.0,101,153,120,131,143,197
23,197,243.0,260.0,273.0,306.0,314.0,361.0,340.0,331.0,362,233.0,131.0,111,101.0,77.0,103.0,101.0,89.0,109,119,120,143,124,130
24,145,187.0,305.0,290.0,273.0,311.0,312.0,325.0,334.0,331,304.0,319.0,309,200.0,157.0,102.0,81.0,97.0,109,103,110,70,58,42
25,37,40.0,66.0,21.0,35.0,40.0,32.0,37.0,38.0,52,55.0,68.0,70,50.0,61.0,66.0,57.0,58.0,67,92,121,187,226,200
26,217,193.0,140.0,93.0,97.0,123.0,127.0,99.0,150.0,147,160.0,112.0,73,72.0,81.0,90.0,101.0,,119,122,271,366,344,301
27,280,364.0,287.0,318.0,325.0,320.0,305.0,305.0,332.0,345,342.0,320.0,287,230.0,147.0,121.0,124.0,135.0,159,177,403,346,305,309
28,312,,,,,,,,,349,349.0,329.0,237,140.0,112.0,117.0,60.0,57.0,141,215,352,315,432,433
29,443,338.0,349.0,351.0,350.0,362.0,367.0,370.0,371.0,371,380.0,392.0,375,280.0,304.0,123.0,147.0,167.0,195,267,287,320,319,395
30,318,309.0,333.0,333.0,353.0,352.0,348.0,391.0,373.0,382,345.0,260.0,137,125.0,108.0,99.0,101.0,116.0,145,167,287,312,327,350
31,358,388.0,426.0,431.0,440.0,429.0,409.0,391.0,392.0,380,362.0,335.0,320,302.0,179.0,159.0,148.0,133.0,137,174,229,339,422,354
"
"
November-2021,00:00:00,01:00:00,02:00:00,03:00:00,04:00:00,05:00:00,06:00:00,07:00:00,08:00:00,09:00:00,10:00:00,11:00:00,12:00:00,13:00:00,14:00:00,15:00:00,16:00:00,17:00:00,18:00:00,19:00:00,20:00:00,21:00:00,22:00:00,23:00:00
1,348.0,418.0,374.0,337.0,327.0,340.0,365.0,384.0,363.0,350.0,340.0,341.0,315.0,319.0,321.0,306.0,223.0,203.0,193.0,319.0,358.0,382.0,397.0,445.0
2,430.0,413.0,379.0,372.0,348.0,361.0,342.0,344.0,346.0,359.0,380.0,406.0,325.0,223.0,230.0,270.0,230.0,197.0,200.0,230.0,322.0,362.0,388.0,391.0
3,395.0,375.0,368.0,380.0,393.0,411.0,382.0,348.0,332.0,362.0,414.0,413.0,385.0,388.0,376.0,334.0,306.0,309.0,309.0,345.0,422.0,420.0,500.0,437.0
4,427.0,425.0,420.0,418.0,414.0,417.0,410.0,413.0,417.0,417.0,411.0,465.0,475.0,474.0,468.0,456.0,439.0,443.0,443.0,472.0,500.0,500.0,500.0,500.0
5,500.0,500.0,500.0,500.0,97.0,92.0,85.0,90.0,92.0,500.0,500.0,500.0,500.0,453.0,421.0,419.0,392.0,388.0,392.0,417.0,444.0,457.0,500.0,500.0
6,500.0,490.0,478.0,77.0,85.0,500.0,77.0,479.0,482.0,479.0,493.0,460.0,432.0,401.0,337.0,315.0,312.0,324.0,359.0,420.0,454.0,500.0,500.0,500.0
7,500.0,500.0,500.0,500.0,500.0,500.0,500.0,500.0,500.0,500.0,500.0,500.0,456.0,386.0,365.0,318.0,207.0,223.0,290.0,319.0,345.0,431.0,438.0,423.0
8,414.0,414.0,453.0,472.0,483.0,500.0,500.0,500.0,500.0,500.0,500.0,500.0,483.0,431.0,393.0,358.0,310.0,315.0,314.0,414.0,443.0,428.0,418.0,404.0
9,417.0,450.0,494.0,500.0,500.0,500.0,500.0,500.0,500.0,500.0,500.0,500.0,500.0,471.0,430.0,409.0,362.0,315.0,302.0,341.0,449.0,467.0,482.0,466.0
10,433.0,431.0,430.0,417.0,414.0,404.0,414.0,409.0,410.0,440.0,451.0,500.0,500.0,499.0,436.0,376.0,312.0,321.0,315.0,336.0,457.0,472.0,447.0,468.0
11,431.0,435.0,423.0,486.0,,,486.0,,,,,,,,,,,,,,,,,
12,,,,,,,,,,,,,,,,,,290.0,309.0,346.0,415.0,409.0,,
13,,,,,,,,,,,,,,,376.0,240.0,119.0,160.0,157.0,240.0,402.0,462.0,434.0,392.0
14,401.0,497.0,471.0,422.0,431.0,432.0,435.0,442.0,416.0,382.0,395.0,416.0,408.0,392.0,342.0,293.0,314.0,237.0,273.0,312.0,381.0,433.0,415.0,411.0
15,407.0,483.0,500.0,450.0,469.0,424.0,414.0,411.0,402.0,386.0,399.0,416.0,413.0,385.0,384.0,398.0,341.0,321.0,318.0,352.0,409.0,434.0,439.0,444.0
16,452.0,472.0,500.0,500.0,499.0,500.0,500.0,500.0,500.0,465.0,496.0,498.0,443.0,401.0,369.0,353.0,325.0,250.0,277.0,310.0,345.0,435.0,462.0,453.0
17,479.0,463.0,447.0,446.0,469.0,467.0,466.0,474.0,500.0,469.0,460.0,452.0,423.0,395.0,320.0,197.0,120.0,140.0,157.0,207.0,303.0,459.0,344.0,352.0
18,396.0,453.0,407.0,427.0,423.0,405.0,366.0,423.0,423.0,453.0,474.0,489.0,434.0,342.0,170.0,193.0,217.0,302.0,332.0,353.0,423.0,410.0,418.0,450.0
19,446.0,476.0,481.0,454.0,435.0,440.0,440.0,450.0,446.0,443.0,466.0,467.0,452.0,385.0,324.0,318.0,302.0,277.0,303.0,328.0,400.0,396.0,386.0,402.0
20,411.0,425.0,431.0,443.0,429.0,433.0,442.0,460.0,469.0,489.0,500.0,464.0,435.0,399.0,368.0,344.0,319.0,303.0,270.0,322.0,433.0,,,
21,,,,,,,,,,,,,,180.0,147.0,147.0,187.0,302.0,309.0,332.0,354.0,406.0,404.0,420.0
22,421.0,409.0,,,,,,325.0,329.0,338.0,337.0,322.0,301.0,260.0,223.0,211.0,181.0,163.0,170.0,237.0,287.0,315.0,335.0,358.0
23,334.0,327.0,328.0,337.0,322.0,332.0,351.0,378.0,337.0,354.0,359.0,357.0,341.0,328.0,,,,,233.0,301.0,389.0,477.0,459.0,447.0
24,462.0,500.0,410.0,401.0,465.0,418.0,454.0,425.0,415.0,410.0,409.0,413.0,392.0,365.0,378.0,396.0,372.0,331.0,318.0,327.0,375.0,386.0,386.0,388.0
25,385.0,385.0,383.0,393.0,411.0,411.0,408.0,411.0,414.0,421.0,437.0,466.0,455.0,462.0,430.0,401.0,367.0,359.0,358.0,392.0,391.0,390.0,393.0,405.0
26,421.0,423.0,423.0,416.0,423.0,443.0,433.0,431.0,487.0,500.0,492.0,500.0,,345.0,312.0,321.0,230.0,240.0,293.0,322.0,374.0,385.0,449.0,383.0
27,407.0,391.0,382.0,390.0,388.0,388.0,382.0,392.0,393.0,355.0,406.0,500.0,484.0,410.0,342.0,342.0,320.0,311.0,304.0,354.0,399.0,395.0,379.0,375.0
28,370.0,375.0,388.0,392.0,401.0,414.0,425.0,401.0,404.0,430.0,403.0,395.0,406.0,382.0,371.0,356.0,319.0,310.0,324.0,342.0,365.0,388.0,399.0,442.0
29,446.0,424.0,427.0,477.0,442.0,429.0,436.0,447.0,433.0,416.0,407.0,408.0,378.0,324.0,253.0,177.0,187.0,197.0,170.0,173.0,306.0,421.0,411.0,354.0
30,361.0,339.0,325.0,337.0,356.0,359.0,346.0,338.0,342.0,355.0,378.0,375.0,353.0,348.0,303.0,280.0,220.0,203.0,253.0,340.0,368.0,464.0,473.0,421.0
"
"
December-2021,00:00:00,01:00:00,02:00:00,03:00:00,04:00:00,05:00:00,06:00:00,07:00:00,08:00:00,09:00:00,10:00:00,11:00:00,12:00:00,13:00:00,14:00:00,15:00:00,16:00:00,17:00:00,18:00:00,19:00:00,20:00:00,21:00:00,22:00:00,23:00:00
1,404.0,434.0,436.0,382.0,395.0,438.0,423.0,420.0,434.0,460.0,,,,90,407,456,399.0,407.0,414.0,420.0,444.0,456.0,469.0,466.0
2,474.0,474.0,463.0,454.0,449.0,440.0,433.0,429.0,422.0,423.0,451.0,459.0,457.0,382,358,378,354.0,361.0,,395.0,382.0,404.0,378.0,371.0
3,366.0,375.0,359.0,350.0,353.0,365.0,354.0,348.0,354.0,366.0,395.0,400.0,400.0,411,388,378,363.0,348.0,312.0,315.0,359.0,367.0,414.0,428.0
4,383.0,402.0,396.0,382.0,384.0,378.0,358.0,375.0,358.0,382.0,395.0,405.0,386.0,332,240,157,102.0,130.0,103.0,148.0,323.0,315.0,338.0,365.0
5,416.0,386.0,444.0,444.0,387.0,432.0,362.0,379.0,388.0,378.0,351.0,371.0,373.0,316,319,322,332.0,320.0,336.0,339.0,352.0,371.0,378.0,376.0
6,406.0,382.0,331.0,301.0,280.0,305.0,277.0,223.0,237.0,197.0,250.0,277.0,293.0,127,120,103,97.0,104.0,130.0,167.0,237.0,308.0,324.0,362.0
7,339.0,310.0,243.0,267.0,243.0,233.0,217.0,200.0,183.0,207.0,240.0,290.0,193.0,147,123,90,74.0,62.0,84.0,117.0,159.0,222.0,302.0,267.0
8,267.0,304.0,302.0,301.0,304.0,280.0,323.0,315.0,322.0,335.0,353.0,325.0,302.0,200,123,107,85.0,80.0,102.0,169.0,233.0,303.0,321.0,366.0
9,362.0,346.0,361.0,345.0,344.0,342.0,345.0,332.0,335.0,351.0,362.0,345.0,353.0,333,342,315,233.0,187.0,177.0,240.0,303.0,345.0,474.0,349.0
10,327.0,307.0,304.0,301.0,302.0,312.0,311.0,297.0,327.0,342.0,352.0,355.0,344.0,318,237,147,103.0,105.0,125.0,160.0,302.0,341.0,316.0,342.0
11,327.0,323.0,304.0,280.0,320.0,318.0,277.0,312.0,333.0,322.0,328.0,342.0,334.0,308,187,111,91.0,81.0,105.0,152.0,311.0,406.0,421.0,411.0
12,431.0,443.0,424.0,328.0,293.0,327.0,314.0,319.0,344.0,348.0,331.0,333.0,323.0,353,312,257,123.0,113.0,150.0,303.0,414.0,382.0,411.0,495.0
13,473.0,391.0,392.0,382.0,339.0,333.0,334.0,332.0,341.0,358.0,379.0,426.0,447.0,320,293,233,243.0,230.0,257.0,253.0,309.0,401.0,408.0,486.0
14,426.0,378.0,338.0,337.0,348.0,333.0,345.0,354.0,356.0,369.0,384.0,410.0,444.0,483,463,378,302.0,233.0,257.0,312.0,353.0,342.0,351.0,424.0
15,432.0,443.0,414.0,401.0,372.0,397.0,359.0,345.0,333.0,344.0,354.0,338.0,341.0,308,297,230,,,,207.0,305.0,459.0,458.0,453.0
16,495.0,453.0,443.0,415.0,416.0,399.0,366.0,378.0,379.0,373.0,399.0,433.0,395.0,356,352,325,187.0,207.0,319.0,,393.0,,383.0,365.0
17,370.0,366.0,356.0,348.0,365.0,349.0,340.0,333.0,342.0,342.0,351.0,350.0,318.0,270,220,167,133.0,127.0,143.0,223.0,318.0,327.0,341.0,342.0
18,339.0,332.0,329.0,,,,,,297.0,287.0,304.0,320.0,338.0,334,315,287,207.0,180.0,203.0,163.0,230.0,280.0,257.0,270.0
19,302.0,277.0,311.0,304.0,341.0,312.0,320.0,310.0,307.0,318.0,324.0,331.0,331.0,312,310,253,230.0,240.0,302.0,308.0,359.0,417.0,395.0,399.0
20,376.0,370.0,358.0,354.0,359.0,369.0,345.0,351.0,367.0,400.0,402.0,359.0,352.0,348,320,311,237.0,257.0,240.0,257.0,293.0,439.0,490.0,500.0
21,500.0,422.0,399.0,414.0,477.0,477.0,459.0,464.0,457.0,469.0,500.0,500.0,391.0,369,331,312,230.0,230.0,273.0,302.0,,,,
22,,439.0,431.0,414.0,427.0,438.0,433.0,425.0,423.0,440.0,472.0,492.0,407.0,378,380,348,339.0,316.0,297.0,,,,,
23,,440.0,420.0,426.0,393.0,410.0,406.0,398.0,392.0,410.0,443.0,479.0,500.0,437,407,404,388.0,378.0,362.0,363.0,378.0,402.0,432.0,462.0
24,478.0,464.0,456.0,432.0,428.0,423.0,421.0,420.0,422.0,434.0,440.0,455.0,440.0,431,431,392,351.0,356.0,357.0,367.0,382.0,395.0,408.0,388.0
25,407.0,393.0,395.0,413.0,414.0,416.0,416.0,420.0,404.0,405.0,451.0,472.0,500.0,500,463,419,385.0,371.0,368.0,376.0,457.0,453.0,428.0,469.0
26,465.0,454.0,451.0,473.0,460.0,436.0,429.0,416.0,420.0,437.0,454.0,492.0,500.0,500,500,420,411.0,386.0,401.0,403.0,410.0,409.0,424.0,416.0
27,338.0,297.0,203.0,143.0,127.0,180.0,193.0,167.0,177.0,157.0,107.0,163.0,233.0,197,93,70,50.0,65.0,67.0,60.0,75.0,318.0,340.0,311.0
28,362.0,,,,,,,,,,,,336.0,321,335,197,314.0,308.0,260.0,70.0,88.0,46.0,78.0,177.0
29,167.0,77.0,97.0,85.0,88.0,157.0,180.0,273.0,312.0,345.0,358.0,348.0,368.0,334,107,89,96.0,80.0,86.0,109.0,141.0,280.0,324.0,311.0
30,315.0,332.0,290.0,280.0,333.0,345.0,345.0,340.0,342.0,363.0,372.0,356.0,358.0,312,230,193,187.0,147.0,95.0,85.0,353.0,355.0,404.0,399.0
31,419.0,405.0,344.0,362.0,,,,,,308.0,342.0,320.0,301.0,260,187,163,170.0,150.0,193.0,213.0,339.0,346.0,354.0,408.0
"
"
Year,2022
January-2022,00:00:00,01:00:00,02:00:00,03:00:00,04:00:00,05:00:00,06:00:00,07:00:00,08:00:00,09:00:00,10:00:00,11:00:00,12:00:00,13:00:00,14:00:00,15:00:00,16:00:00,17:00:00,18:00:00,19:00:00,20:00:00,21:00:00,22:00:00,23:00:00
1,376,375,382,375,375,366.0,371.0,352.0,365.0,404.0,395.0,410.0,388.0,369.0,355.0,,,301.0,307.0,213.0,352.0,435,500,466
2,469,435,427,437,411,398.0,391.0,416.0,414.0,399.0,421.0,399.0,436.0,418.0,371.0,316.0,312.0,303.0,302.0,306.0,342.0,382,411,404
3,391,387,416,411,388,382.0,391.0,386.0,392.0,408.0,420.0,406.0,414.0,356.0,344.0,308.0,305.0,301.0,302.0,303.0,338.0,436,459,500
4,487,453,477,432,413,418.0,434.0,437.0,444.0,417.0,420.0,431.0,437.0,404.0,253.0,133.0,123.0,46.0,105.0,230.0,311.0,424,421,459
5,392,390,408,424,405,399.0,395.0,392.0,393.0,424.0,431.0,440.0,457.0,476.0,481.0,435.0,333.0,293.0,342.0,345.0,350.0,345,348,342
6,320,321,308,305,309,,,,,,,220.0,200.0,157.0,160.0,97.0,85.0,101.0,184.0,103.0,155.0,199,220,307
7,277,293,183,87,107,98.0,98.0,147.0,110.0,133.0,207.0,217.0,193.0,163.0,130.0,127.0,93.0,70.0,58.0,51.0,75.0,107,223,85
8,63,60,65,97,80,92.0,163.0,35.0,60.0,67.0,77.0,73.0,58.0,58.0,38.0,48.0,52.0,58.0,57.0,50.0,58.0,67,67,68
9,55,65,73,80,63,,,,27.0,30.0,30.0,30.0,30.0,30.0,33.0,65.0,75.0,52.0,63.0,58.0,58.0,85,88,83
10,87,77,103,83,78,70.0,93.0,93.0,123.0,127.0,133.0,140.0,223.0,167.0,177.0,123.0,107.0,103.0,110.0,94.0,147.0,183,277,220
11,207,187,160,122,105,99.0,160.0,130.0,73.0,70.0,110.0,88.0,95.0,87.0,97.0,85.0,80.0,92.0,95.0,110.0,143.0,127,97,83
12,91,123,108,113,127,157.0,133.0,120.0,147.0,150.0,157.0,170.0,203.0,293.0,297.0,240.0,270.0,243.0,223.0,250.0,303.0,332,309,304
13,310,319,335,337,307,233.0,180.0,157.0,311.0,329.0,321.0,315.0,316.0,345.0,355.0,320.0,322.0,327.0,331.0,318.0,312.0,312,306,297
14,302,280,287,253,233,260.0,150.0,167.0,130.0,98.0,92.0,93.0,87.0,120.0,233.0,331.0,318.0,331.0,332.0,,327.0,352,355,237
15,339,342,287,127,109,109.0,101.0,100.0,83.0,84.0,85.0,89.0,94.0,163.0,177.0,230.0,233.0,290.0,302.0,270.0,233.0,240,197,177
16,170,150,167,207,213,213.0,,,,,,,,,,,,,207.0,223.0,240.0,267,308,306
17,325,310,304,270,230,233.0,243.0,293.0,301.0,302.0,302.0,293.0,310.0,332.0,342.0,348.0,350.0,348.0,,351.0,342.0,342,396,403
18,411,374,329,306,305,332.0,333.0,312.0,315.0,327.0,329.0,358.0,353.0,338.0,342.0,324.0,325.0,312.0,315.0,334.0,332.0,353,349,328
19,322,325,318,318,290,250.0,253.0,233.0,220.0,297.0,280.0,319.0,337.0,341.0,355.0,383.0,339.0,339.0,321.0,316.0,319.0,333,348,355
20,355,344,342,380,369,358.0,356.0,358.0,345.0,321.0,339.0,324.0,336.0,411.0,431.0,440.0,406.0,401.0,378.0,375.0,358.0,367,355,337
21,302,273,303,337,325,253.0,240.0,223.0,220.0,260.0,280.0,301.0,318.0,362.0,376.0,375.0,368.0,344.0,383.0,372.0,361.0,368,379,375
22,358,354,358,332,319,297.0,303.0,304.0,287.0,260.0,270.0,237.0,297.0,302.0,293.0,273.0,270.0,253.0,293.0,305.0,307.0,302,270,200
23,147,113,95,97,95,87.0,85.0,80.0,93.0,120.0,120.0,160.0,203.0,217.0,200.0,197.0,237.0,230.0,207.0,223.0,290.0,304,233,260
24,273,303,315,267,170,180.0,,,,,,157.0,170.0,177.0,220.0,107.0,73.0,90.0,97.0,96.0,127.0,243,290,230
25,267,293,287,140,113,150.0,78.0,57.0,55.0,55.0,68.0,96.0,116.0,126.0,123.0,135.0,142.0,148.0,143.0,150.0,197.0,257,328,358
26,315,312,325,273,257,223.0,207.0,203.0,170.0,197.0,200.0,136.0,230.0,203.0,193.0,160.0,160.0,140.0,140.0,167.0,240.0,304,315,338
27,318,321,322,302,290,280.0,193.0,163.0,183.0,237.0,230.0,253.0,253.0,290.0,157.0,127.0,107.0,92.0,101.0,119.0,278.0,250,260,273
28,302,311,304,311,301,207.0,200.0,120.0,207.0,267.0,180.0,143.0,134.0,130.0,107.0,100.0,86.0,107.0,89.0,115.0,181.0,257,290,301
29,312,315,327,302,303,337.0,334.0,273.0,223.0,297.0,327.0,301.0,200.0,240.0,127.0,103.0,103.0,131.0,134.0,150.0,249.0,277,414,325
30,301,277,304,305,320,303.0,280.0,307.0,308.0,304.0,318.0,310.0,305.0,250.0,157.0,137.0,133.0,116.0,133.0,200.0,257.0,334,318,345
31,321,267,287,273,277,308.0,333.0,328.0,,344.0,376.0,390.0,426.0,417.0,382.0,350.0,340.0,333.0,327.0,,,372,367,351
"
"
February-2022,00:00:00,01:00:00,02:00:00,03:00:00,04:00:00,05:00:00,06:00:00,07:00:00,08:00:00,09:00:00,10:00:00,11:00:00,12:00:00,13:00:00,14:00:00,15:00:00,16:00:00,17:00:00,18:00:00,19:00:00,20:00:00,21:00:00,22:00:00,23:00:00
1,346.0,,,,,,,,,,,,,,362,344.0,348.0,345,323,335,,336,338,338
2,331.0,320.0,311.0,303.0,306.0,297.0,297.0,304.0,306.0,316.0,328.0,342.0,336.0,342.0,351,339.0,325.0,257,187,297,352.0,406,395,383
3,338.0,331.0,328.0,328.0,341.0,329.0,302.0,312.0,319.0,318.0,304.0,147.0,62.0,74.0,290,237.0,200.0,203,197,230,297.0,308,306,306
4,260.0,113.0,107.0,85.0,78.0,70.0,75.0,73.0,65.0,63.0,52.0,50.0,73.0,63.0,58,45.0,32.0,59,60,68,78.0,107,103,197
5,280.0,203.0,197.0,123.0,130.0,167.0,120.0,63.0,70.0,60.0,67.0,75.0,92.0,150.0,230,338.0,213.0,108,105,105,123.0,217,307,429
6,399.0,472.0,436.0,413.0,369.0,376.0,362.0,337.0,328.0,339.0,362.0,324.0,260.0,207.0,109,105.0,109.0,115,115,105,127.0,310,410,367
7,312.0,306.0,312.0,382.0,369.0,355.0,372.0,370.0,365.0,349.0,344.0,307.0,223.0,163.0,134,145.0,146.0,136,145,141,140.0,220,318,306
8,316.0,320.0,308.0,323.0,315.0,321.0,322.0,314.0,302.0,305.0,321.0,342.0,359.0,337.0,339,213.0,318.0,277,187,207,237.0,312,341,308
9,322.0,322.0,318.0,336.0,336.0,308.0,75.0,52.0,87.0,87.0,83.0,88.0,110.0,87.0,72,72.0,58.0,57,56,59,70.0,89,127,157
10,167.0,213.0,217.0,200.0,270.0,240.0,167.0,123.0,75.0,110.0,167.0,240.0,163.0,140.0,138,114.0,105.0,99,107,111,129.0,155,159,170
11,187.0,157.0,155.0,185.0,217.0,183.0,177.0,150.0,147.0,170.0,183.0,200.0,170.0,135.0,123,119.0,109.0,102,90,113,179.0,170,193,168
12,150.0,277.0,200.0,223.0,133.0,180.0,183.0,167.0,183.0,233.0,297.0,180.0,157.0,133.0,111,94.0,80.0,81,103,111,166.0,256,309,310
13,413.0,488.0,388.0,344.0,323.0,325.0,409.0,303.0,270.0,243.0,293.0,287.0,301.0,273.0,183,150.0,157.0,137,126,94,90.0,115,302,303
14,325.0,329.0,393.0,410.0,473.0,392.0,346.0,356.0,353.0,378.0,359.0,367.0,312.0,153.0,140,103.0,102.0,85,95,117,124.0,120,217,280
15,304.0,311.0,304.0,310.0,333.0,342.0,307.0,341.0,342.0,345.0,365.0,382.0,357.0,185.0,149,119.0,102.0,97,109,124,227.0,199,308,355
16,315.0,312.0,430.0,424.0,421.0,359.0,352.0,358.0,375.0,392.0,380.0,370.0,318.0,308.0,273,193.0,127.0,109,101,114,160.0,203,303,384
17,337.0,323.0,293.0,315.0,323.0,260.0,321.0,304.0,309.0,324.0,309.0,334.0,302.0,220.0,118,115.0,114.0,111,109,189,190.0,243,348,418
18,422.0,373.0,426.0,499.0,460.0,421.0,427.0,410.0,314.0,334.0,367.0,375.0,315.0,253.0,114,120.0,101.0,96,124,131,294.0,229,131,206
19,193.0,199.0,250.0,235.0,200.0,220.0,287.0,203.0,160.0,273.0,310.0,243.0,197.0,133.0,130,,,104,104,109,141.0,150,150,220
20,163.0,257.0,170.0,150.0,147.0,,,,243.0,273.0,267.0,223.0,220.0,160.0,130,133.0,129.0,129,126,131,157.0,177,172,150
21,,163.0,160.0,253.0,,287.0,270.0,301.0,,273.0,302.0,250.0,157.0,157.0,137,131.0,109.0,117,113,155,197.0,298,369,402
22,308.0,323.0,324.0,321.0,420.0,392.0,350.0,342.0,342.0,388.0,338.0,324.0,287.0,272.0,240,239.0,195.0,200,200,187,155.0,160,177,207
23,260.0,260.0,240.0,253.0,260.0,267.0,270.0,267.0,290.0,293.0,277.0,304.0,290.0,277.0,260,243.0,220.0,223,200,193,273.0,310,324,320
24,316.0,308.0,315.0,328.0,349.0,355.0,365.0,362.0,355.0,365.0,362.0,362.0,376.0,352.0,316,312.0,187.0,180,160,163,178.0,237,320,320
25,332.0,323.0,319.0,321.0,315.0,315.0,315.0,315.0,316.0,270.0,315.0,344.0,401.0,392.0,329,213.0,230.0,185,193,161,166.0,253,187,68
26,74.0,80.0,61.0,59.0,38.0,22.0,22.0,25.0,25.0,25.0,25.0,30.0,35.0,44.0,40,39.0,42.0,41,31,29,58.0,52,60,61
27,72.0,68.0,57.0,55.0,68.0,98.0,70.0,70.0,73.0,75.0,107.0,75.0,70.0,58.0,58,69.0,61.0,56,59,68,78.0,95,103,101
28,91.0,72.0,57.0,65.0,65.0,58.0,60.0,70.0,83.0,97.0,103.0,95.0,33.0,91.0,69,58.0,57.0,49,58,62,125.0,145,192,179
"
"
March-2022,00:00:00,01:00:00,02:00:00,03:00:00,04:00:00,05:00:00,06:00:00,07:00:00,08:00:00,09:00:00,10:00:00,11:00:00,12:00:00,13:00:00,14:00:00,15:00:00,16:00:00,17:00:00,18:00:00,19:00:00,20:00:00,21:00:00,22:00:00,23:00:00
1,186.0,230.0,133.0,115.0,109.0,119.0,145.0,123.0,280.0,305.0,314.0,323.0,267.0,163.0,130.0,99.0,100.0,104.0,91.0,91.0,119.0,157.0,287.0,302.0
2,398.0,315.0,321.0,302.0,277.0,302.0,309.0,325.0,280.0,302.0,336.0,335.0,267.0,130.0,111.0,90.0,77.0,72.0,73.0,173.0,143.0,163.0,197.0,250.0
3,319.0,293.0,322.0,193.0,170.0,277.0,183.0,177.0,177.0,163.0,290.0,220.0,193.0,193.0,160.0,147.0,143.0,135.0,137.0,177.0,207.0,230.0,304.0,290.0
4,318.0,217.0,200.0,257.0,290.0,305.0,207.0,157.0,167.0,200.0,193.0,207.0,129.0,104.0,103.0,,88.0,83.0,74.0,84.0,104.0,102.0,104.0,100.0
5,91.0,89.0,77.0,84.0,197.0,177.0,107.0,105.0,103.0,170.0,223.0,150.0,111.0,89.0,84.0,83.0,88.0,83.0,83.0,78.0,102.0,156.0,149.0,167.0
6,,,,,,,,,,,,,,,,,,,,,,,,
7,,,,,,,,,,,,57.0,297.0,143.0,145.0,147.0,141.0,157.0,133.0,156.0,167.0,223.0,355.0,405.0
8,425.0,339.0,327.0,336.0,381.0,401.0,410.0,353.0,344.0,363.0,375.0,385.0,230.0,183.0,113.0,92.0,81.0,163.0,88.0,109.0,133.0,159.0,163.0,133.0
9,145.0,153.0,150.0,149.0,203.0,180.0,220.0,157.0,223.0,301.0,325.0,144.0,144.0,78.0,121.0,114.0,120.0,101.0,101.0,121.0,127.0,142.0,148.0,149.0
10,143.0,111.0,116.0,141.0,230.0,187.0,240.0,203.0,207.0,257.0,163.0,140.0,143.0,109.0,99.0,101.0,109.0,111.0,105.0,121.0,144.0,159.0,160.0,160.0
11,150.0,163.0,193.0,141.0,127.0,233.0,277.0,243.0,243.0,287.0,,163.0,126.0,123.0,107.0,117.0,112.0,115.0,117.0,119.0,170.0,145.0,234.0,233.0
12,167.0,167.0,130.0,134.0,187.0,180.0,280.0,307.0,302.0,325.0,319.0,290.0,157.0,113.0,109.0,101.0,102.0,91.0,,,124.0,142.0,301.0,336.0
13,382.0,302.0,305.0,302.0,302.0,301.0,327.0,345.0,352.0,375.0,356.0,297.0,164.0,147.0,137.0,126.0,126.0,126.0,127.0,131.0,148.0,206.0,207.0,314.0
14,312.0,410.0,,,,,,,376.0,399.0,407.0,329.0,297.0,267.0,,,267.0,58.0,134.0,167.0,193.0,213.0,304.0,325.0
15,302.0,237.0,304.0,306.0,302.0,312.0,306.0,329.0,410.0,443.0,452.0,496.0,314.0,280.0,163.0,148.0,151.0,140.0,133.0,155.0,164.0,280.0,304.0,307.0
16,250.0,240.0,213.0,240.0,243.0,253.0,240.0,280.0,250.0,273.0,310.0,301.0,243.0,189.0,166.0,163.0,155.0,145.0,136.0,131.0,146.0,186.0,167.0,187.0
17,200.0,233.0,267.0,302.0,301.0,240.0,240.0,220.0,240.0,290.0,342.0,318.0,307.0,223.0,207.0,160.0,257.0,250.0,230.0,193.0,220.0,303.0,314.0,325.0
18,348.0,366.0,370.0,362.0,362.0,350.0,349.0,341.0,340.0,356.0,382.0,318.0,302.0,260.0,270.0,213.0,223.0,220.0,213.0,183.0,257.0,312.0,338.0,332.0
19,301.0,301.0,267.0,273.0,273.0,277.0,270.0,277.0,301.0,302.0,314.0,306.0,203.0,193.0,163.0,167.0,193.0,217.0,217.0,193.0,,306.0,307.0,329.0
20,328.0,318.0,324.0,318.0,339.0,334.0,327.0,327.0,338.0,349.0,358.0,290.0,207.0,171.0,139.0,142.0,148.0,143.0,126.0,149.0,179.0,294.0,345.0,319.0
21,331.0,341.0,332.0,331.0,388.0,401.0,357.0,367.0,371.0,,372.0,368.0,334.0,302.0,217.0,193.0,149.0,160.0,143.0,191.0,175.0,155.0,185.0,197.0
22,187.0,193.0,213.0,203.0,307.0,177.0,127.0,133.0,143.0,157.0,133.0,163.0,157.0,169.0,181.0,157.0,147.0,167.0,164.0,167.0,200.0,204.0,193.0,170.0
23,270.0,315.0,354.0,220.0,187.0,293.0,233.0,315.0,376.0,395.0,355.0,321.0,230.0,213.0,165.0,145.0,137.0,143.0,157.0,189.0,,403.0,453.0,493.0
24,413.0,400.0,372.0,318.0,378.0,340.0,335.0,345.0,348.0,376.0,405.0,348.0,281.0,,,,,159.0,153.0,166.0,175.0,191.0,456.0,500.0
25,451.0,260.0,230.0,197.0,237.0,243.0,220.0,183.0,189.0,331.0,342.0,267.0,203.0,152.0,135.0,126.0,148.0,155.0,159.0,149.0,160.0,190.0,233.0,257.0
26,240.0,220.0,250.0,237.0,203.0,273.0,351.0,335.0,333.0,348.0,316.0,260.0,205.0,224.0,274.0,224.0,172.0,155.0,140.0,153.0,159.0,168.0,166.0,180.0
27,217.0,207.0,230.0,170.0,156.0,193.0,240.0,223.0,358.0,345.0,320.0,277.0,,,,,,,124.0,129.0,,,,
28,472.0,436.0,443.0,441.0,448.0,444.0,422.0,417.0,433.0,429.0,452.0,414.0,266.0,,,156.0,135.0,137.0,127.0,153.0,165.0,288.0,376.0,453.0
29,500.0,491.0,428.0,428.0,410.0,390.0,418.0,420.0,429.0,479.0,444.0,356.0,280.0,202.0,175.0,147.0,157.0,155.0,137.0,168.0,181.0,233.0,364.0,356.0
30,500.0,500.0,463.0,428.0,443.0,463.0,500.0,500.0,500.0,499.0,454.0,328.0,350.0,246.0,239.0,177.0,153.0,122.0,109.0,443.0,243.0,293.0,350.0,329.0
31,308.0,312.0,321.0,337.0,335.0,382.0,375.0,361.0,355.0,369.0,424.0,425.0,414.0,406.0,260.0,297.0,223.0,171.0,168.0,163.0,311.0,361.0,405.0,443.0
"
"
April-2022,00:00:00,01:00:00,02:00:00,03:00:00,04:00:00,05:00:00,06:00:00,07:00:00,08:00:00,09:00:00,10:00:00,11:00:00,12:00:00,13:00:00,14:00:00,15:00:00,16:00:00,17:00:00,18:00:00,19:00:00,20:00:00,21:00:00,22:00:00,23:00:00
1,302,183.0,183.0,170.0,145.0,180.0,141.0,240.0,325.0,321.0,302.0,197,152.0,141,129,118.0,136.0,125.0,124.0,117.0,177,193.0,195,209
2,342,331.0,315.0,328.0,329.0,329.0,413.0,431.0,454.0,446.0,344.0,233,191.0,136,114,120.0,121.0,114.0,111.0,105.0,140,189.0,312,334
3,350,363.0,382.0,376.0,367.0,375.0,355.0,371.0,353.0,345.0,329.0,316,304.0,209,206,199.0,131.0,133.0,117.0,120.0,181,193.0,248,194
4,437,473.0,422.0,421.0,428.0,420.0,422.0,410.0,417.0,408.0,326.0,302,282.0,234,192,163.0,145.0,145.0,140.0,162.0,305,197.0,193,151
5,197,207.0,183.0,304.0,243.0,318.0,331.0,413.0,441.0,429.0,419.0,406,312.0,163,163,117.0,116.0,115.0,105.0,101.0,177,188.0,414,414
6,361,337.0,310.0,312.0,420.0,412.0,364.0,401.0,472.0,444.0,434.0,373,303.0,163,173,141.0,135.0,121.0,105.0,116.0,262,234.0,436,421
7,333,401.0,451.0,439.0,407.0,434.0,450.0,453.0,476.0,468.0,453.0,328,220.0,167,179,136.0,130.0,123.0,122.0,137.0,217,410.0,431,416
8,350,346.0,348.0,364.0,336.0,425.0,443.0,449.0,451.0,441.0,443.0,410,191.0,188,251,164.0,142.0,123.0,122.0,169.0,184,250.0,428,396
9,417,340.0,319.0,411.0,421.0,453.0,477.0,477.0,462.0,487.0,439.0,280,185.0,179,149,129.0,133.0,137.0,119.0,141.0,244,,362,420
10,431,,411.0,415.0,,410.0,413.0,413.0,,384.0,325.0,278,,164,141,,156.0,140.0,130.0,140.0,178,270.0,335,304
11,307,311.0,280.0,293.0,413.0,361.0,390.0,406.0,403.0,435.0,405.0,437,401.0,216,153,159.0,145.0,134.0,137.0,212.0,215,227.0,380,282
12,329,361.0,375.0,384.0,468.0,437.0,404.0,,320.0,301.0,,181,180.0,185,149,133.0,137.0,163.0,142.0,229.0,279,375.0,339,235
13,398,403.0,412.0,449.0,422.0,402.0,400.0,411.0,408.0,457.0,463.0,291,268.0,212,216,177.0,159.0,169.0,175.0,218.0,284,411.0,417,461
14,426,500.0,412.0,405.0,405.0,425.0,390.0,364.0,301.0,418.0,385.0,368,322.0,256,211,183.0,153.0,149.0,138.0,142.0,157,414.0,287,423
15,175,118.0,95.0,95.0,107.0,111.0,111.0,125.0,187.0,287.0,308.0,213,177.0,177,185,171.0,171.0,185.0,164.0,163.0,175,221.0,246,360
16,410,272.0,233.0,250.0,230.0,243.0,243.0,304.0,334.0,332.0,378.0,406,349.0,186,167,165.0,179.0,159.0,160.0,167.0,179,282.0,362,371
17,322,318.0,315.0,304.0,270.0,280.0,306.0,315.0,311.0,328.0,344.0,323,282.0,197,181,152.0,144.0,142.0,,,192,331.0,332,283
18,272,318.0,350.0,326.0,320.0,306.0,308.0,350.0,383.0,432.0,453.0,380,290.0,179,156,153.0,157.0,144.0,144.0,142.0,245,237.0,401,458
19,437,299.0,282.0,500.0,493.0,451.0,443.0,491.0,477.0,460.0,431.0,389,304.0,224,190,262.0,408.0,354.0,250.0,252.0,268,295.0,221,230
20,402,332.0,402.0,376.0,318.0,312.0,278.0,293.0,342.0,320.0,262.0,218,233.0,184,294,186.0,173.0,149.0,171.0,151.0,177,233.0,250,305
21,355,440.0,414.0,419.0,407.0,434.0,448.0,459.0,429.0,,448.0,238,500.0,500,438,,207.0,186.0,153.0,212.0,207,346.0,384,361
22,315,420.0,484.0,163.0,56.0,131.0,114.0,109.0,101.0,123.0,163.0,157,172.0,184,145,125.0,129.0,140.0,137.0,146.0,165,327.0,418,410
23,427,324.0,449.0,331.0,462.0,422.0,430.0,436.0,438.0,460.0,352.0,303,173.0,130,130,124.0,131.0,134.0,136.0,141.0,159,205.0,356,411
24,462,441.0,465.0,406.0,314.0,290.0,306.0,352.0,398.0,388.0,325.0,240,171.0,140,178,171.0,165.0,179.0,209.0,170.0,182,213.0,250,243
25,308,280.0,310.0,310.0,316.0,280.0,270.0,223.0,232.0,297.0,312.0,197,168.0,147,141,167.0,192.0,183.0,202.0,166.0,183,290.0,460,500
26,490,,115.0,108.0,,124.0,191.0,259.0,,302.0,263.0,222,162.0,171,185,201.0,221.0,226.0,213.0,188.0,196,210.0,302,374
27,375,362.0,500.0,500.0,464.0,490.0,500.0,500.0,500.0,500.0,457.0,345,156.0,137,119,124.0,123.0,125.0,140.0,155.0,263,284.0,463,464
28,456,,,,,,,,,,,405,376.0,226,192,178.0,179.0,156.0,181.0,192.0,213,319.0,480,454
29,488,499.0,472.0,479.0,472.0,468.0,474.0,468.0,450.0,462.0,425.0,302,230.0,289,240,,,199.0,186.0,183.0,215,314.0,401,413
30,414,409.0,450.0,431.0,460.0,485.0,417.0,351.0,340.0,344.0,355.0,348,324.0,277,164,,,,,,200,110.0,203,250
"
"
May-2022,00:00:00,01:00:00,02:00:00,03:00:00,04:00:00,05:00:00,06:00:00,07:00:00,08:00:00,09:00:00,10:00:00,11:00:00,12:00:00,13:00:00,14:00:00,15:00:00,16:00:00,17:00:00,18:00:00,19:00:00,20:00:00,21:00:00,22:00:00,23:00:00
1,321.0,328.0,342.0,356.0,45.0,40.0,28.0,40.0,34.0,35.0,35.0,35.0,38.0,83.0,234.0,223.0,206.0,220.0,220.0,209.0,251.0,216.0,228.0,201.0
2,211.0,199.0,213.0,261.0,314.0,206.0,166.0,253.0,194.0,190.0,204.0,252.0,293.0,266.0,229.0,228.0,234.0,238.0,220.0,190.0,194.0,199.0,206.0,193.0
3,197.0,194.0,183.0,171.0,156.0,,,327.0,243.0,157.0,165.0,171.0,187.0,262.0,362.0,429.0,433.0,426.0,417.0,415.0,421.0,414.0,405.0,314.0
4,252.0,257.0,213.0,107.0,88.0,85.0,65.0,230.0,203.0,163.0,147.0,103.0,123.0,130.0,140.0,143.0,36.0,155.0,169.0,115.0,137.0,55.0,53.0,66.0
5,62.0,85.0,107.0,107.0,108.0,99.0,117.0,127.0,157.0,233.0,140.0,107.0,94.0,88.0,92.0,109.0,,,,123.0,121.0,147.0,233.0,260.0
6,277.0,305.0,312.0,366.0,356.0,342.0,339.0,337.0,349.0,352.0,328.0,308.0,293.0,293.0,,,,,216.0,246.0,250.0,217.0,256.0,239.0
7,,306.0,210.0,178.0,213.0,297.0,260.0,287.0,305.0,348.0,366.0,346.0,293.0,,185.0,149.0,111.0,119.0,130.0,124.0,129.0,146.0,460.0,385.0
8,314.0,306.0,169.0,200.0,170.0,163.0,157.0,316.0,323.0,312.0,180.0,155.0,185.0,207.0,189.0,181.0,171.0,177.0,159.0,156.0,197.0,273.0,332.0,304.0
9,316.0,257.0,170.0,197.0,126.0,123.0,111.0,115.0,187.0,302.0,213.0,,181.0,,,,148.0,145.0,141.0,155.0,163.0,187.0,140.0,180.0
10,200.0,163.0,180.0,230.0,230.0,243.0,223.0,180.0,187.0,217.0,147.0,161.0,171.0,,147.0,,153.0,140.0,148.0,148.0,149.0,155.0,152.0,
11,152.0,,,,150.0,123.0,70.0,316.0,308.0,301.0,145.0,173.0,181.0,160.0,153.0,156.0,151.0,145.0,62.0,,162.0,197.0,,163.0
12,,127.0,131.0,117.0,,107.0,108.0,115.0,122.0,146.0,141.0,157.0,181.0,161.0,157.0,166.0,159.0,162.0,167.0,182.0,191.0,199.0,,223.0
13,217.0,268.0,131.0,115.0,,,,,,123.0,137.0,152.0,,171.0,,193.0,189.0,,165.0,181.0,168.0,328.0,305.0,311.0
14,314.0,469.0,445.0,374.0,,375.0,362.0,417.0,422.0,478.0,426.0,309.0,161.0,136.0,138.0,140.0,137.0,145.0,131.0,114.0,134.0,288.0,417.0,382.0
15,421.0,437.0,414.0,424.0,396.0,405.0,417.0,410.0,410.0,426.0,358.0,193.0,184.0,189.0,169.0,167.0,222.0,175.0,149.0,152.0,170.0,,,
16,,,,,,,,200.0,200.0,277.0,401.0,426.0,437.0,440.0,435.0,416.0,411.0,352.0,326.0,332.0,294.0,382.0,439.0,
17,,,,,,,,,,146.0,223.0,197.0,254.0,290.0,282.0,295.0,287.0,288.0,254.0,227.0,233.0,217.0,263.0,314.0
18,315.0,332.0,337.0,287.0,270.0,,280.0,304.0,237.0,,183.0,146.0,172.0,229.0,350.0,159.0,140.0,141.0,137.0,,138.0,155.0,235.0,332.0
19,250.0,,,,,,,,,,,,346.0,301.0,249.0,273.0,235.0,204.0,217.0,229.0,218.0,272.0,267.0,250.0
20,287.0,318.0,320.0,319.0,315.0,328.0,323.0,311.0,333.0,391.0,400.0,402.0,398.0,385.0,332.0,278.0,257.0,202.0,215.0,235.0,31.0,32.0,401.0,368.0
21,328.0,432.0,419.0,370.0,407.0,243.0,155.0,140.0,157.0,177.0,196.0,335.0,364.0,356.0,252.0,257.0,44.0,308.0,348.0,332.0,447.0,464.0,325.0,118.0
22,,101.0,115.0,112.0,121.0,134.0,157.0,141.0,179.0,302.0,200.0,163.0,166.0,155.0,156.0,157.0,157.0,153.0,161.0,159.0,167.0,167.0,157.0,172.0
23,174.0,166.0,141.0,146.0,126.0,125.0,175.0,73.0,52.0,59.0,52.0,42.0,36.0,40.0,39.0,45.0,,,60.0,58.0,58.0,55.0,67.0,78.0
24,74.0,46.0,40.0,40.0,38.0,39.0,42.0,48.0,46.0,50.0,65.0,77.0,80.0,68.0,68.0,78.0,81.0,,144.0,114.0,,,,
25,,,,,,,,,,,,91.0,96.0,,111.0,119.0,115.0,128.0,170.0,105.0,,37.0,152.0,140.0
26,152.0,311.0,345.0,3.0,380.0,398.0,362.0,312.0,312.0,354.0,340.0,233.0,197.0,207.0,160.0,150.0,115.0,90.0,,101.0,108.0,314.0,233.0,273.0
27,257.0,305.0,321.0,321.0,287.0,237.0,302.0,301.0,277.0,297.0,312.0,197.0,189.0,177.0,191.0,179.0,175.0,187.0,416.0,184.0,,,,
28,,,,,,,,,,,,,361.0,384.0,369.0,375.0,350.0,350.0,349.0,320.0,284.0,,295.0,315.0
29,218.0,136.0,104.0,116.0,116.0,121.0,127.0,141.0,137.0,185.0,217.0,260.0,287.0,290.0,272.0,268.0,246.0,238.0,218.0,199.0,171.0,116.0,117.0,175.0
30,182.0,164.0,137.0,9.0,207.0,233.0,,,,,,,,,,207.0,212.0,190.0,248.0,62.0,77.0,84.0,111.0,153.0
31,157.0,202.0,,,230.0,253.0,193.0,160.0,193.0,290.0,250.0,250.0,331.0,298.0,277.0,284.0,290.0,344.0,305.0,259.0,249.0,314.0,355.0,346.0
"
"
June-2022,00:00:00,01:00:00,02:00:00,03:00:00,04:00:00,05:00:00,06:00:00,07:00:00,08:00:00,09:00:00,10:00:00,11:00:00,12:00:00,13:00:00,14:00:00,15:00:00,16:00:00,17:00:00,18:00:00,19:00:00,20:00:00,21:00:00,22:00:00,23:00:00
1,390.0,314.0,282.0,302.0,341.0,400.0,419.0,402.0,454.0,429.0,403.0,362.0,246.0,162.0,156.0,,152.0,145.0,149.0,159.0,295.0,,,
2,,,,,,,,,,,,224.0,237.0,200.0,197.0,182.0,166.0,168.0,181.0,272.0,206.0,246.0,266.0,301.0
3,413.0,389.0,423.0,415.0,414.0,335.0,375.0,401.0,385.0,,,,,45.0,48.0,140.0,133.0,42.0,137.0,163.0,185.0,143.0,188.0,437.0
4,490.0,430.0,371.0,451.0,,321.0,311.0,396.0,349.0,359.0,302.0,194.0,160.0,134.0,116.0,118.0,118.0,122.0,131.0,137.0,156.0,,174.0,419.0
5,,480.0,467.0,462.0,,302.0,293.0,193.0,,221.0,222.0,267.0,311.0,270.0,220.0,165.0,144.0,147.0,141.0,148.0,149.0,150.0,213.0,299.0
6,394.0,294.0,285.0,207.0,174.0,161.0,155.0,184.0,202.0,213.0,199.0,262.0,256.0,195.0,162.0,146.0,130.0,113.0,145.0,159.0,251.0,187.0,210.0,295.0
7,405.0,500.0,432.0,382.0,394.0,296.0,312.0,331.0,362.0,279.0,318.0,405.0,431.0,430.0,407.0,399.0,266.0,270.0,207.0,221.0,193.0,202.0,423.0,444.0
8,474.0,449.0,390.0,331.0,268.0,241.0,308.0,340.0,314.0,360.0,428.0,500.0,500.0,478.0,422.0,289.0,248.0,215.0,204.0,196.0,202.0,196.0,196.0,227.0
9,278.0,254.0,229.0,245.0,205.0,197.0,237.0,297.0,273.0,287.0,331.0,272.0,270.0,261.0,248.0,209.0,206.0,,200.0,239.0,223.0,283.0,395.0,376.0
10,405.0,252.0,187.0,150.0,,185.0,289.0,396.0,,,429.0,447.0,,428.0,419.0,416.0,415.0,344.0,285.0,278.0,248.0,274.0,342.0,354.0
11,416.0,355.0,370.0,302.0,319.0,303.0,,226.0,211.0,228.0,260.0,334.0,321.0,325.0,276.0,265.0,255.0,248.0,221.0,230.0,257.0,294.0,398.0,420.0
12,358.0,339.0,366.0,311.0,263.0,272.0,266.0,,319.0,336.0,304.0,305.0,240.0,237.0,238.0,226.0,233.0,237.0,205.0,222.0,218.0,211.0,217.0,193.0
13,271.0,409.0,227.0,179.0,188.0,174.0,140.0,143.0,157.0,147.0,178.0,230.0,212.0,238.0,306.0,284.0,248.0,239.0,216.0,183.0,168.0,239.0,232.0,263.0
14,254.0,201.0,147.0,136.0,140.0,138.0,141.0,188.0,,401.0,301.0,308.0,356.0,339.0,364.0,352.0,362.0,335.0,295.0,282.0,241.0,224.0,207.0,157.0
15,153.0,144.0,124.0,115.0,107.0,94.0,86.0,,89.0,90.0,152.0,,164.0,,,150.0,,142.0,,135.0,,,232.0,175.0
16,,134.0,60.0,,,39.0,72.0,83.0,97.0,,,92.0,72.0,101.0,,94.0,99.0,111.0,114.0,234.0,152.0,136.0,,126.0
17,124.0,109.0,103.0,83.0,,69.0,30.0,39.0,30.0,,33.0,46.0,63.0,134.0,75.0,63.0,52.0,39.0,72.0,70.0,67.0,77.0,115.0,120.0
18,137.0,97.0,80.0,58.0,59.0,75.0,90.0,81.0,61.0,67.0,45.0,25.0,28.0,25.0,23.0,37.0,49.0,45.0,39.0,38.0,50.0,55.0,53.0,83.0
19,74.0,67.0,127.0,133.0,150.0,143.0,70.0,103.0,120.0,130.0,150.0,107.0,97.0,,75.0,67.0,,62.0,58.0,79.0,,95.0,94.0,
20,116.0,120.0,133.0,167.0,167.0,183.0,237.0,293.0,237.0,250.0,113.0,107.0,111.0,122.0,116.0,115.0,108.0,105.0,107.0,107.0,107.0,116.0,203.0,217.0
21,253.0,213.0,195.0,181.0,170.0,144.0,121.0,290.0,309.0,328.0,145.0,109.0,125.0,86.0,89.0,85.0,74.0,,102.0,113.0,90.0,109.0,111.0,145.0
22,233.0,180.0,297.0,213.0,267.0,250.0,270.0,243.0,193.0,92.0,125.0,124.0,109.0,84.0,94.0,103.0,113.0,117.0,159.0,107.0,115.0,111.0,120.0,101.0
23,105.0,108.0,163.0,187.0,147.0,127.0,114.0,131.0,133.0,123.0,115.0,116.0,,,111.0,127.0,172.0,177.0,179.0,159.0,156.0,153.0,,201.0
24,197.0,213.0,185.0,,145.0,130.0,160.0,202.0,267.0,243.0,171.0,144.0,142.0,145.0,137.0,147.0,143.0,142.0,141.0,138.0,145.0,153.0,191.0,218.0
25,273.0,466.0,428.0,403.0,403.0,342.0,273.0,301.0,306.0,342.0,267.0,223.0,243.0,159.0,127.0,115.0,120.0,127.0,119.0,125.0,129.0,127.0,155.0,170.0
26,150.0,160.0,213.0,297.0,311.0,320.0,310.0,321.0,273.0,200.0,144.0,124.0,127.0,127.0,127.0,126.0,124.0,124.0,116.0,115.0,115.0,127.0,125.0,127.0
27,165.0,117.0,,,,,,,,,,,,,,,,,,,,,,
28,,,,,,,,,,,,,,,,,,92.0,159.0,,,220.0,297.0,297.0
29,302.0,217.0,203.0,180.0,147.0,99.0,90.0,,100.0,127.0,141.0,159.0,189.0,171.0,175.0,162.0,147.0,147.0,144.0,157.0,151.0,152.0,150.0,125.0
30,111.0,114.0,123.0,113.0,123.0,110.0,107.0,92.0,,74.0,86.0,38.0,55.0,40.0,48.0,28.0,43.0,35.0,38.0,50.0,65.0,39.0,52.0,62.0
"
"
July-2022,00:00:00,01:00:00,02:00:00,03:00:00,04:00:00,05:00:00,06:00:00,07:00:00,08:00:00,09:00:00,10:00:00,11:00:00,12:00:00,13:00:00,14:00:00,15:00:00,16:00:00,17:00:00,18:00:00,19:00:00,20:00:00,21:00:00,22:00:00,23:00:00
1,57.0,53.0,68.0,110.0,107.0,97.0,123.0,120.0,88.0,58.0,52.0,50.0,41.0,41.0,40.0,63.0,39.0,49.0,40.0,39.0,41.0,38.0,56.0,58.0
2,67.0,86.0,115.0,140.0,127.0,124.0,140.0,130.0,,253.0,230.0,95.0,97.0,68.0,56.0,,74.0,70.0,58.0,68.0,32.0,73.0,79.0,83.0
3,80.0,72.0,64.0,53.0,39.0,56.0,61.0,46.0,,58.0,72.0,59.0,78.0,81.0,78.0,63.0,68.0,28.0,30.0,30.0,37.0,35.0,38.0,40.0
4,55.0,80.0,,108.0,133.0,143.0,130.0,133.0,133.0,187.0,140.0,97.0,96.0,83.0,92.0,,102.0,122.0,126.0,130.0,134.0,,183.0,197.0
5,223.0,243.0,257.0,270.0,,277.0,273.0,290.0,37.0,280.0,280.0,233.0,123.0,119.0,111.0,107.0,100.0,91.0,101.0,77.0,78.0,95.0,114.0,113.0
6,134.0,,140.0,104.0,89.0,64.0,80.0,83.0,88.0,92.0,102.0,122.0,127.0,118.0,100.0,68.0,,,,,,,,
7,,,,,,,,,,25.0,30.0,33.0,42.0,43.0,40.0,44.0,40.0,47.0,57.0,51.0,58.0,67.0,94.0,105.0
8,114.0,114.0,105.0,99.0,114.0,113.0,109.0,119.0,133.0,130.0,123.0,115.0,131.0,94.0,105.0,99.0,92.0,89.0,68.0,64.0,81.0,105.0,111.0,121.0
9,107.0,112.0,119.0,103.0,99.0,108.0,120.0,137.0,131.0,137.0,129.0,114.0,109.0,114.0,117.0,125.0,79.0,49.0,32.0,34.0,34.0,53.0,78.0,79.0
10,75.0,69.0,45.0,42.0,57.0,72.0,,66.0,69.0,72.0,72.0,66.0,77.0,96.0,79.0,53.0,59.0,46.0,41.0,,52.0,55.0,48.0,57.0
11,72.0,80.0,84.0,97.0,101.0,91.0,81.0,105.0,92.0,67.0,50.0,72.0,90.0,88.0,92.0,81.0,118.0,72.0,49.0,77.0,95.0,105.0,197.0,131.0
12,199.0,197.0,177.0,150.0,135.0,147.0,90.0,52.0,42.0,27.0,,43.0,41.0,26.0,32.0,30.0,37.0,43.0,48.0,39.0,37.0,44.0,47.0,69.0
13,,82.0,96.0,,69.0,71.0,,86.0,70.0,,28.0,45.0,63.0,,75.0,83.0,72.0,53.0,51.0,47.0,44.0,40.0,39.0,52.0
14,66.0,89.0,90.0,79.0,77.0,92.0,81.0,80.0,89.0,84.0,91.0,,,55.0,67.0,52.0,78.0,148.0,78.0,100.0,133.0,108.0,50.0,49.0
15,49.0,42.0,35.0,38.0,41.0,55.0,61.0,64.0,59.0,72.0,63.0,81.0,101.0,83.0,68.0,63.0,62.0,100.0,42.0,62.0,67.0,74.0,56.0,58.0
16,61.0,55.0,56.0,62.0,72.0,84.0,79.0,77.0,75.0,79.0,75.0,83.0,74.0,64.0,52.0,62.0,29.0,35.0,30.0,34.0,41.0,28.0,35.0,35.0
17,35.0,35.0,37.0,57.0,48.0,30.0,34.0,41.0,30.0,25.0,30.0,30.0,40.0,47.0,59.0,77.0,72.0,58.0,29.0,37.0,39.0,42.0,47.0,57.0
18,49.0,39.0,52.0,44.0,62.0,68.0,63.0,70.0,94.0,104.0,99.0,92.0,102.0,80.0,88.0,94.0,88.0,75.0,63.0,58.0,63.0,64.0,79.0,73.0
19,94.0,95.0,95.0,96.0,,,,,,,,,115.0,95.0,113.0,105.0,113.0,101.0,119.0,73.0,61.0,95.0,94.0,91.0
20,103.0,170.0,123.0,91.0,84.0,107.0,110.0,109.0,147.0,137.0,68.0,68.0,61.0,55.0,67.0,28.0,30.0,30.0,33.0,,57.0,59.0,44.0,47.0
21,49.0,42.0,40.0,63.0,92.0,53.0,27.0,34.0,44.0,67.0,69.0,75.0,47.0,57.0,63.0,83.0,92.0,85.0,93.0,110.0,101.0,96.0,105.0,121.0
22,109.0,113.0,180.0,157.0,147.0,167.0,150.0,120.0,112.0,107.0,101.0,88.0,46.0,,45.0,35.0,72.0,61.0,32.0,35.0,46.0,64.0,66.0,73.0
23,70.0,68.0,55.0,41.0,51.0,40.0,41.0,39.0,47.0,51.0,41.0,56.0,56.0,53.0,46.0,52.0,,52.0,50.0,49.0,45.0,28.0,40.0,57.0
24,58.0,70.0,64.0,,44.0,44.0,41.0,45.0,40.0,47.0,42.0,46.0,57.0,52.0,47.0,53.0,45.0,47.0,41.0,41.0,41.0,25.0,28.0,35.0
25,,44.0,49.0,45.0,39.0,41.0,41.0,47.0,44.0,36.0,39.0,,77.0,67.0,52.0,58.0,51.0,38.0,39.0,39.0,34.0,50.0,,66.0
26,68.0,64.0,72.0,,46.0,45.0,46.0,45.0,44.0,44.0,52.0,56.0,49.0,63.0,64.0,57.0,44.0,49.0,61.0,59.0,,92.0,64.0,80.0
27,72.0,64.0,68.0,63.0,49.0,58.0,67.0,,,,,,104.0,115.0,,81.0,77.0,70.0,68.0,79.0,68.0,,75.0,68.0
28,70.0,67.0,73.0,57.0,53.0,68.0,63.0,79.0,91.0,69.0,69.0,69.0,90.0,95.0,49.0,89.0,68.0,42.0,103.0,112.0,49.0,46.0,44.0,37.0
29,37.0,51.0,58.0,50.0,34.0,47.0,42.0,53.0,72.0,79.0,61.0,59.0,79.0,67.0,81.0,81.0,59.0,61.0,45.0,22.0,30.0,36.0,31.0,30.0
30,,47.0,39.0,31.0,40.0,33.0,31.0,33.0,,38.0,46.0,44.0,67.0,61.0,69.0,78.0,83.0,44.0,44.0,,56.0,53.0,63.0,108.0
31,,115.0,118.0,51.0,44.0,36.0,22.0,20.0,25.0,33.0,39.0,61.0,73.0,74.0,70.0,70.0,56.0,57.0,55.0,33.0,35.0,25.0,30.0,35.0
"
"
August-2022,00:00:00,01:00:00,02:00:00,03:00:00,04:00:00,05:00:00,06:00:00,07:00:00,08:00:00,09:00:00,10:00:00,11:00:00,12:00:00,13:00:00,14:00:00,15:00:00,16:00:00,17:00:00,18:00:00,19:00:00,20:00:00,21:00:00,22:00:00,23:00:00
1,38.0,30.0,62.0,67.0,58.0,63.0,58.0,75.0,107.0,73.0,45.0,,62.0,63.0,64.0,58.0,56.0,50.0,55.0,83.0,86.0,116.0,127.0,111.0
2,111.0,105.0,102.0,101.0,78.0,92.0,91.0,88.0,75.0,61.0,70.0,62.0,63.0,53.0,57.0,51.0,57.0,50.0,58.0,70.0,78.0,119.0,175.0,167.0
3,207.0,177.0,131.0,119.0,141.0,145.0,118.0,105.0,120.0,161.0,149.0,155.0,138.0,123.0,42.0,39.0,53.0,112.0,,85.0,,,133.0,160.0
4,120.0,120.0,127.0,120.0,110.0,89.0,90.0,140.0,180.0,293.0,150.0,104.0,80.0,75.0,63.0,90.0,84.0,52.0,,52.0,,,,78.0
5,,,,69.0,58.0,,,,,57.0,63.0,,47.0,42.0,,,,,51.0,,,107.0,,
6,97.0,,,67.0,,,68.0,,73.0,77.0,88.0,123.0,70.0,,,,64.0,,75.0,74.0,80.0,97.0,101.0,90.0
7,93.0,129.0,170.0,,,,150.0,133.0,,,,,,,40.0,36.0,40.0,53.0,57.0,58.0,34.0,,33.0,46.0
8,67.0,73.0,84.0,,70.0,68.0,69.0,77.0,75.0,,,59.0,59.0,50.0,,51.0,84.0,100.0,90.0,88.0,85.0,,85.0,99.0
9,108.0,,120.0,99.0,79.0,68.0,77.0,75.0,77.0,,74.0,,66.0,79.0,42.0,,,34.0,,35.0,47.0,70.0,62.0,61.0
10,30.0,79.0,,,55.0,30.0,58.0,57.0,,,,,,,,29.0,45.0,44.0,,66.0,79.0,137.0,,107.0
11,91.0,,55.0,,49.0,,41.0,47.0,,46.0,50.0,,34.0,36.0,38.0,39.0,,52.0,52.0,34.0,38.0,45.0,49.0,56.0
12,42.0,38.0,34.0,34.0,55.0,70.0,,,,,,,,,,,,,,,69.0,138.0,119.0,
13,,,,,,,,,,,,,,,,119.0,85.0,104.0,110.0,114.0,116.0,68.0,80.0,101.0
14,109.0,105.0,120.0,3.0,110.0,105.0,62.0,53.0,33.0,34.0,31.0,24.0,33.0,47.0,63.0,63.0,55.0,,34.0,28.0,33.0,45.0,,33.0
15,38.0,40.0,49.0,45.0,49.0,53.0,46.0,23.0,20.0,25.0,30.0,35.0,35.0,38.0,40.0,27.0,28.0,33.0,35.0,37.0,40.0,27.0,30.0,35.0
16,47.0,47.0,46.0,,36.0,36.0,32.0,35.0,36.0,33.0,34.0,44.0,56.0,70.0,55.0,,,,,,,,,
17,,,,,,,,,,,,,,,52.0,49.0,62.0,63.0,59.0,69.0,52.0,45.0,52.0,70.0
18,74.0,69.0,67.0,63.0,72.0,74.0,41.0,47.0,59.0,56.0,39.0,39.0,53.0,67.0,66.0,64.0,42.0,51.0,66.0,,75.0,115.0,105.0,122.0
19,99.0,117.0,107.0,95.0,80.0,53.0,49.0,39.0,41.0,47.0,39.0,34.0,47.0,38.0,49.0,51.0,63.0,55.0,50.0,49.0,52.0,74.0,86.0,92.0
20,33.0,77.0,86.0,90.0,94.0,101.0,101.0,97.0,,86.0,78.0,74.0,72.0,83.0,78.0,73.0,67.0,63.0,70.0,75.0,72.0,70.0,78.0,107.0
21,,92.0,125.0,143.0,130.0,125.0,140.0,129.0,110.0,,87.0,84.0,,102.0,102.0,,81.0,77.0,84.0,89.0,96.0,130.0,127.0,118.0
22,112.0,73.0,,,,,,,,,,,,67.0,64.0,,,,,,94.0,109.0,90.0,88.0
23,83.0,63.0,50.0,50.0,44.0,55.0,,53.0,53.0,,58.0,57.0,63.0,64.0,64.0,62.0,27.0,53.0,52.0,51.0,46.0,46.0,,46.0
24,40.0,42.0,35.0,36.0,40.0,45.0,45.0,45.0,52.0,75.0,59.0,75.0,67.0,69.0,55.0,33.0,39.0,50.0,50.0,53.0,60.0,120.0,,
25,130.0,100.0,101.0,109.0,92.0,74.0,77.0,81.0,97.0,74.0,100.0,88.0,97.0,89.0,96.0,86.0,100.0,47.0,117.0,105.0,103.0,123.0,140.0,110.0
26,100.0,133.0,90.0,109.0,131.0,133.0,120.0,86.0,77.0,90.0,92.0,81.0,78.0,72.0,66.0,70.0,68.0,74.0,66.0,88.0,91.0,,104.0,100.0
27,88.0,,107.0,109.0,103.0,103.0,96.0,94.0,84.0,96.0,101.0,103.0,103.0,100.0,97.0,90.0,95.0,97.0,91.0,91.0,92.0,94.0,109.0,122.0
28,126.0,147.0,118.0,119.0,109.0,103.0,103.0,111.0,112.0,111.0,116.0,129.0,125.0,123.0,125.0,114.0,111.0,109.0,109.0,113.0,117.0,126.0,,165.0
29,,,,,,,,,,,,,135.0,,126.0,131.0,,129.0,123.0,,117.0,,91.0,67.0
30,74.0,108.0,,101.0,,,,,,127.0,150.0,150.0,153.0,157.0,131.0,109.0,117.0,115.0,118.0,117.0,108.0,115.0,114.0,115.0
31,125.0,131.0,96.0,97.0,90.0,100.0,96.0,97.0,107.0,122.0,,115.0,119.0,112.0,111.0,115.0,111.0,,,,,,,
"
"
September-2022,00:00:00,01:00:00,02:00:00,03:00:00,04:00:00,05:00:00,06:00:00,07:00:00,08:00:00,09:00:00,10:00:00,11:00:00,12:00:00,13:00:00,14:00:00,15:00:00,16:00:00,17:00:00,18:00:00,19:00:00,20:00:00,21:00:00,22:00:00,23:00:00
1,105.0,116.0,109.0,163.0,121.0,99.0,97.0,102.0,92.0,111,112,,100.0,102.0,104,100.0,94.0,93.0,100.0,107.0,30.0,133.0,153.0,138.0
2,137.0,121.0,96.0,111.0,97.0,104.0,89.0,130.0,115.0,90,105,124.0,141.0,33.0,75,79.0,95.0,105.0,,105.0,108.0,131.0,141.0,
3,149.0,118.0,111.0,170.0,171.0,145.0,104.0,78.0,64.0,66,78,83.0,80.0,72.0,72,68.0,61.0,59.0,67.0,70.0,,105.0,155.0,143.0
4,,,,,,,,80.0,69.0,55,69,79.0,69.0,66.0,59,,,,52.0,57.0,69.0,109.0,78.0,115.0
5,100.0,104.0,117.0,97.0,86.0,107.0,83.0,22.0,69.0,78,67,69.0,83.0,73.0,75,72.0,77.0,74.0,62.0,,104.0,119.0,116.0,145.0
6,120.0,100.0,88.0,90.0,85.0,119.0,135.0,124.0,140.0,157,131,134.0,105.0,97.0,79,,80.0,77.0,80.0,95.0,86.0,116.0,111.0,107.0
7,104.0,108.0,99.0,91.0,100.0,111.0,83.0,85.0,100.0,187,220,133.0,119.0,32.0,86,92.0,90.0,91.0,105.0,91.0,83.0,107.0,119.0,129.0
8,170.0,164.0,167.0,155.0,130.0,108.0,99.0,103.0,109.0,123,150,138.0,129.0,115.0,119,116.0,113.0,86.0,109.0,114.0,119.0,150.0,140.0,223.0
9,187.0,167.0,,183.0,150.0,133.0,150.0,203.0,297.0,133,133,122.0,126.0,124.0,123,109.0,103.0,100.0,108.0,121.0,114.0,116.0,115.0,111.0
10,114.0,101.0,97.0,,95.0,97.0,143.0,163.0,193.0,177,193,163.0,104.0,74.0,84,88.0,74.0,88.0,68.0,74.0,,123.0,107.0,105.0
11,104.0,104.0,105.0,123.0,104.0,103.0,103.0,103.0,102.0,77,94,107.0,78.0,59.0,49,62.0,49.0,55.0,56.0,72.0,101.0,107.0,101.0,111.0
12,109.0,111.0,99.0,103.0,75.0,81.0,69.0,77.0,80.0,86,88,86.0,75.0,67.0,44,51.0,50.0,44.0,49.0,97.0,74.0,68.0,57.0,78.0
13,101.0,92.0,91.0,100.0,28.0,22.0,25.0,27.0,24.0,36,30,28.0,25.0,31.0,29,35.0,36.0,39.0,34.0,41.0,33.0,52.0,57.0,52.0
14,58.0,77.0,59.0,50.0,41.0,34.0,25.0,23.0,24.0,35,35,49.0,36.0,29.0,35,45.0,50.0,41.0,35.0,35.0,45.0,33.0,39.0,44.0
15,24.0,36.0,25.0,30.0,28.0,31.0,31.0,29.0,29.0,39,35,31.0,41.0,35.0,22,22.0,18.0,,,,,,,
16,,,,,,,,,,22,22,22.0,22.0,20.0,20,20.0,20.0,20.0,20.0,28.0,41.0,41.0,27.0,25.0
17,43.0,52.0,50.0,55.0,59.0,32.0,49.0,44.0,40.0,55,89,81.0,99.0,99.0,95,97.0,99.0,99.0,97.0,100.0,89.0,49.0,59.0,61.0
18,47.0,49.0,47.0,94.0,102.0,85.0,68.0,66.0,84.0,72,36,50.0,109.0,130.0,121,129.0,126.0,117.0,116.0,,109.0,113.0,109.0,102.0
19,150.0,200.0,268.0,273.0,257.0,250.0,230.0,,131.0,136,145,155.0,166.0,129.0,143,163.0,141.0,113.0,120.0,113.0,89.0,118.0,157.0,143.0
20,193.0,175.0,,177.0,133.0,111.0,100.0,177.0,94.0,103,66,56.0,,,39,41.0,52.0,44.0,90.0,,35.0,77.0,67.0,75.0
21,58.0,56.0,68.0,75.0,62.0,57.0,53.0,67.0,111.0,117,119,123.0,84.0,64.0,72,,,36.0,50.0,56.0,,47.0,56.0,45.0
22,47.0,40.0,37.0,36.0,38.0,35.0,35.0,35.0,,39,34,,24.0,27.0,24,27.0,28.0,20.0,,35.0,36.0,40.0,46.0,48.0
23,17.0,17.0,,35.0,27.0,19.0,18.0,19.0,22.0,25,28,29.0,35.0,42.0,63,67.0,67.0,22.0,18.0,28.0,,23.0,,28.0
24,24.0,19.0,22.0,29.0,25.0,31.0,28.0,36.0,41.0,41,40,40.0,38.0,30.0,38,40.0,39.0,42.0,42.0,33.0,32.0,32.0,35.0,38.0
25,30.0,36.0,,35.0,32.0,42.0,29.0,29.0,33.0,28,29,27.0,30.0,31.0,29,27.0,36.0,33.0,33.0,27.0,35.0,40.0,34.0,42.0
26,56.0,55.0,52.0,51.0,52.0,93.0,78.0,47.0,42.0,41,83,108.0,61.0,49.0,74,64.0,68.0,63.0,,79.0,,109.0,117.0,127.0
27,117.0,105.0,111.0,74.0,89.0,78.0,94.0,81.0,86.0,129,89,90.0,70.0,68.0,61,61.0,,79.0,79.0,99.0,94.0,85.0,,172.0
28,168.0,173.0,153.0,,,150.0,138.0,165.0,141.0,147,203,,139.0,,105,103.0,88.0,99.0,97.0,131.0,150.0,207.0,150.0,47.0
29,160.0,234.0,237.0,,150.0,133.0,224.0,233.0,237.0,290,162,121.0,102.0,101.0,95,78.0,88.0,,99.0,,137.0,152.0,213.0,306.0
30,213.0,253.0,,257.0,243.0,217.0,197.0,223.0,237.0,308,240,160.0,,125.0,119,118.0,116.0,111.0,122.0,146.0,133.0,170.0,203.0,207.0
"
"
October-2022,00:00:00,01:00:00,02:00:00,03:00:00,04:00:00,05:00:00,06:00:00,07:00:00,08:00:00,09:00:00,10:00:00,11:00:00,12:00:00,13:00:00,14:00:00,15:00:00,16:00:00,17:00:00,18:00:00,19:00:00,20:00:00,21:00:00,22:00:00,23:00:00
1,301.0,309.0,303.0,314.0,304.0,301.0,213.0,,243.0,,253.0,163.0,130.0,113.0,101.0,91.0,91.0,94.0,101.0,114.0,138.0,243.0,297.0,250.0
2,290.0,250.0,230.0,301.0,220.0,237.0,220.0,233.0,27.0,301.0,306.0,217.0,117.0,97.0,92.0,90.0,95.0,91.0,96.0,100.0,121.0,116.0,109.0,105.0
3,117.0,105.0,107.0,124.0,118.0,,81.0,85.0,105.0,101.0,109.0,124.0,122.0,109.0,112.0,105.0,109.0,115.0,107.0,111.0,101.0,91.0,92.0,
4,103.0,89.0,75.0,78.0,,97.0,107.0,113.0,117.0,130.0,131.0,168.0,243.0,138.0,133.0,119.0,119.0,119.0,123.0,121.0,133.0,,194.0,177.0
5,213.0,240.0,267.0,305.0,324.0,321.0,312.0,301.0,250.0,267.0,257.0,304.0,280.0,273.0,203.0,123.0,,125.0,113.0,131.0,146.0,130.0,,143.0
6,177.0,98.0,46.0,31.0,34.0,38.0,44.0,40.0,,42.0,40.0,51.0,66.0,112.0,64.0,56.0,42.0,22.0,27.0,80.0,92.0,70.0,,
7,58.0,66.0,61.0,41.0,43.0,,33.0,32.0,33.0,47.0,40.0,40.0,,58.0,68.0,45.0,59.0,38.0,,,37.0,42.0,42.0,
8,68.0,,,,,,,,35.0,32.0,32.0,53.0,33.0,33.0,28.0,34.0,,27.0,34.0,,45.0,28.0,28.0,31.0
9,30.0,35.0,20.0,28.0,26.0,25.0,,24.0,24.0,23.0,24.0,30.0,50.0,32.0,37.0,,32.0,34.0,31.0,29.0,30.0,27.0,25.0,25.0
10,26.0,25.0,15.0,27.0,29.0,30.0,29.0,29.0,30.0,32.0,32.0,,29.0,42.0,46.0,47.0,39.0,,,29.0,28.0,33.0,45.0,57.0
11,55.0,68.0,55.0,49.0,63.0,55.0,45.0,18.0,,50.0,53.0,59.0,67.0,68.0,85.0,92.0,99.0,92.0,58.0,,90.0,147.0,,143.0
12,193.0,187.0,239.0,203.0,240.0,180.0,191.0,127.0,131.0,167.0,220.0,177.0,233.0,104.0,99.0,125.0,97.0,86.0,94.0,125.0,112.0,133.0,116.0,115.0
13,101.0,90.0,,124.0,119.0,137.0,31.0,144.0,147.0,187.0,180.0,119.0,112.0,99.0,,85.0,82.0,84.0,80.0,105.0,261.0,169.0,307.0,134.0
14,180.0,,130.0,175.0,152.0,130.0,157.0,160.0,173.0,217.0,203.0,180.0,170.0,126.0,114.0,102.0,111.0,117.0,127.0,157.0,251.0,192.0,167.0,155.0
15,177.0,167.0,213.0,337.0,213.0,183.0,160.0,177.0,223.0,260.0,257.0,197.0,133.0,,133.0,,146.0,137.0,125.0,205.0,223.0,311.0,421.0,425.0
16,422.0,307.0,,,318.0,331.0,318.0,319.0,315.0,335.0,329.0,315.0,311.0,233.0,147.0,136.0,129.0,111.0,103.0,117.0,152.0,277.0,418.0,500.0
17,,412.0,395.0,,344.0,345.0,329.0,321.0,,356.0,357.0,267.0,267.0,184.0,167.0,167.0,155.0,136.0,135.0,321.0,298.0,,,
18,,331.0,394.0,320.0,365.0,321.0,318.0,312.0,315.0,321.0,312.0,325.0,,193.0,191.0,168.0,174.0,145.0,153.0,,335.0,344.0,320.0,312.0
19,,353.0,335.0,340.0,,,,338.0,370.0,,,411.0,282.0,164.0,184.0,186.0,182.0,,147.0,174.0,,230.0,253.0,
20,341.0,,70.0,332.0,327.0,,319.0,,312.0,320.0,339.0,331.0,316.0,308.0,,246.0,230.0,251.0,161.0,271.0,308.0,318.0,328.0,
21,325.0,316.0,,307.0,316.0,308.0,,324.0,328.0,333.0,378.0,390.0,356.0,163.0,181.0,144.0,141.0,127.0,,,,,500.0,105.0
22,458.0,400.0,337.0,405.0,351.0,373.0,348.0,341.0,328.0,335.0,338.0,322.0,297.0,167.0,146.0,137.0,,111.0,116.0,197.0,,,346.0,
23,,,,,,,,,,348.0,345.0,335.0,335.0,318.0,207.0,198.0,189.0,163.0,130.0,167.0,250.0,319.0,433.0,354.0
24,351.0,345.0,345.0,331.0,318.0,314.0,312.0,315.0,318.0,327.0,348.0,342.0,,293.0,197.0,,187.0,133.0,,147.0,270.0,324.0,358.0,358.0
25,426.0,423.0,387.0,345.0,337.0,,331.0,318.0,318.0,341.0,354.0,315.0,237.0,171.0,167.0,147.0,148.0,149.0,160.0,,233.0,320.0,,325.0
26,306.0,307.0,,322.0,331.0,325.0,307.0,302.0,293.0,287.0,301.0,315.0,293.0,253.0,,,301.0,303.0,280.0,267.0,318.0,350.0,410.0,382.0
27,395.0,398.0,414.0,401.0,397.0,403.0,398.0,382.0,413.0,408.0,414.0,397.0,362.0,333.0,321.0,311.0,287.0,273.0,267.0,302.0,323.0,420.0,398.0,370.0
28,411.0,407.0,403.0,406.0,401.0,396.0,399.0,412.0,401.0,387.0,431.0,398.0,395.0,404.0,375.0,358.0,336.0,332.0,339.0,370.0,404.0,406.0,430.0,431.0
29,451.0,439.0,439.0,429.0,423.0,424.0,430.0,431.0,431.0,443.0,447.0,453.0,432.0,411.0,350.0,307.0,302.0,297.0,273.0,312.0,420.0,422.0,395.0,392.0
30,401.0,475.0,500.0,420.0,408.0,426.0,422.0,418.0,417.0,416.0,431.0,380.0,348.0,323.0,325.0,333.0,339.0,352.0,356.0,378.0,414.0,437.0,436.0,453.0
31,467.0,443.0,425.0,435.0,435.0,446.0,424.0,416.0,418.0,416.0,410.0,431.0,439.0,443.0,464.0,493.0,,420.0,388.0,,433.0,462.0,453.0,487.0
"
"
November-2022,00:00:00,01:00:00,02:00:00,03:00:00,04:00:00,05:00:00,06:00:00,07:00:00,08:00:00,09:00:00,10:00:00,11:00:00,12:00:00,13:00:00,14:00:00,15:00:00,16:00:00,17:00:00,18:00:00,19:00:00,20:00:00,21:00:00,22:00:00,23:00:00
1,498,447.0,425,433,435.0,442.0,467,447.0,447,447,459,443.0,467,443,402,348.0,309.0,309,304,324.0,366.0,412,474,476.0
2,478,483.0,443,395,378.0,375.0,361,354.0,376,365,368,438.0,422,414,393,382.0,358.0,349,368,396.0,428.0,444,495,459.0
3,433,500.0,500,500,500.0,500.0,500,,500,500,500,,500,500,500,,379.0,360,392,,446.0,480,500,
4,500,500.0,500,500,500.0,500.0,500,500.0,494,492,500,,500,500,500,500.0,500.0,475,456,447.0,423.0,413,413,407.0
5,425,429.0,409,413,392.0,393.0,387,388.0,387,382,375,392.0,387,372,350,348.0,341.0,340,352,354.0,365.0,365,376,375.0
6,383,367.0,361,364,353.0,358.0,361,366.0,358,366,402,350.0,312,315,324,320.0,90.0,324,320,325.0,340.0,372,404,406.0
7,405,,399,392,382.0,384.0,380,375.0,375,373,384,414.0,393,350,322,270.0,250.0,243,277,312.0,346.0,361,376,420.0
8,427,,416,403,395.0,385.0,376,369.0,365,359,369,414.0,440,395,397,439.0,410.0,374,342,408.0,,457,473,440.0
9,303,207.0,243,240,,301.0,293,273.0,287,307,320,306.0,287,280,217,200.0,200.0,262,200,167.0,380.0,257,446,391.0
10,393,354.0,355,372,404.0,404.0,418,413.0,410,420,478,440.0,443,355,223,237.0,279.0,268,156,180.0,341.0,369,392,466.0
11,472,465.0,460,457,460.0,469.0,466,460.0,462,496,500,443.0,350,303,177,174.0,194.0,186,118,153.0,295.0,290,309,312.0
12,336,416.0,442,469,485.0,477.0,474,450.0,446,441,423,383.0,312,233,243,245.0,255.0,256,151,215.0,302.0,318,327,342.0
13,348,336.0,362,374,411.0,395.0,396,405.0,413,401,404,384.0,349,303,243,207.0,,275,166,207.0,314.0,365,388,414.0
14,416,485.0,386,385,,,440,401.0,393,409,462,457.0,416,329,240,200.0,177.0,163,170,,,362,315,310.0
15,316,320.0,325,327,310.0,311.0,270,311.0,320,325,394,328.0,243,204,266,130.0,278.0,208,138,243.0,468.0,414,374,401.0
16,337,369.0,365,342,361.0,368.0,342,325.0,339,358,365,344.0,320,193,169,197.0,194.0,175,124,139.0,183.0,273,323,320.0
17,338,356.0,363,365,373.0,382.0,383,386.0,388,405,393,342.0,307,190,191,202.0,207.0,201,152,179.0,304.0,310,443,437.0
18,351,355.0,362,376,382.0,403.0,401,413.0,426,455,466,440.0,367,328,233,276.0,273.0,221,182,227.0,350.0,436,465,403.0
19,399,369.0,380,428,389.0,373.0,367,388.0,383,420,426,400.0,367,319,160,130.0,140.0,269,186,192.0,411.0,460,482,420.0
20,375,397.0,365,366,361.0,350.0,352,362.0,386,420,433,426.0,359,312,233,207.0,197.0,254,180,270.0,407.0,430,369,367.0
21,375,362.0,346,339,346.0,346.0,345,345.0,352,358,363,349.0,348,290,258,264.0,235.0,210,133,159.0,177.0,270,346,335.0
22,350,327.0,329,339,372.0,320.0,311,293.0,305,318,327,306.0,250,236,233,236.0,260.0,240,155,209.0,232.0,260,320,329.0
23,316,331.0,318,305,301.0,287.0,301,305.0,315,336,328,324.0,273,248,242,220.0,214.0,213,133,192.0,207.0,366,322,307.0
24,270,307.0,280,253,257.0,290.0,315,308.0,302,311,318,250.0,197,227,246,123.0,129.0,226,155,174.0,414.0,437,469,408.0
25,489,473.0,500,500,456.0,408.0,400,367.0,368,395,466,439.0,338,325,318,200.0,230.0,268,322,403.0,492.0,488,441,432.0
26,451,465.0,395,391,402.0,423.0,357,332.0,356,366,382,365.0,342,328,314,277.0,233.0,239,177,260.0,500.0,499,447,465.0
27,411,,365,352,357.0,362.0,354,362.0,376,414,419,401.0,368,320,302,217.0,187.0,260,188,197.0,321.0,462,430,410.0
28,401,378.0,405,416,446.0,416.0,404,399.0,401,437,469,438.0,395,315,311,197.0,197.0,245,406,253.0,273.0,500,500,450.0
29,490,500.0,500,492,458.0,464.0,435,411.0,432,438,441,496.0,425,346,339,318.0,260.0,270,301,374.0,357.0,440,490,459.0
30,432,404.0,445,494,446.0,482.0,452,429.0,432,451,471,476.0,462,402,365,332.0,260.0,290,407,331.0,422.0,455,430,436.0
"
"
December-2022,00:00:00,01:00:00,02:00:00,03:00:00,04:00:00,05:00:00,06:00:00,07:00:00,08:00:00,09:00:00,10:00:00,11:00:00,12:00:00,13:00:00,14:00:00,15:00:00,16:00:00,17:00:00,18:00:00,19:00:00,20:00:00,21:00:00,22:00:00,23:00:00
1,460,477,400,388,369,403,395.0,357,379,407.0,450.0,441.0,404.0,359.0,344.0,319.0,260,260.0,314,326.0,478.0,411.0,378,421.0
2,444,440,454,468,450,403,,383,392,403.0,402.0,398.0,350.0,341.0,331.0,316.0,293,233.0,290,320.0,,416.0,470,413.0
3,413,406,417,421,438,406,423.0,407,403,429.0,439.0,440.0,437.0,413.0,397.0,358.0,362,362.0,500,,,,490,500.0
4,500,483,500,500,480,442,436.0,451,454,477.0,474.0,430.0,410.0,342.0,318.0,257.0,237,187.0,203,277.0,364.0,404.0,402,420.0
5,444,429,385,392,385,357,334.0,332,334,374.0,396.0,400.0,395.0,329.0,293.0,250.0,213,243.0,217,334.0,361.0,362.0,500,435.0
6,386,375,392,405,380,341,323.0,341,337,349.0,386.0,392.0,369.0,356.0,335.0,304.0,233,151.0,139,203.0,260.0,312.0,348,401.0
7,373,335,322,325,342,325,318.0,320,319,331.0,348.0,345.0,327.0,307.0,237.0,250.0,193,150.0,180,257.0,320.0,316.0,333,351.0
8,333,337,333,328,340,342,331.0,338,316,312.0,331.0,339.0,348.0,312.0,270.0,223.0,183,180.0,194,220.0,302.0,320.0,342,376.0
9,383,382,395,398,407,400,379.0,362,356,382.0,384.0,341.0,328.0,320.0,293.0,207.0,160,267.0,328,351.0,359.0,468.0,487,455.0
10,448,423,443,494,492,456,457.0,430,395,428.0,438.0,430.0,418.0,446.0,356.0,315.0,260,217.0,188,189.0,255.0,418.0,411,428.0
11,459,408,358,335,318,312,303.0,320,315,320.0,324.0,341.0,332.0,312.0,307.0,183.0,120,107.0,134,133.0,150.0,217.0,355,304.0
12,311,316,318,287,237,177,163.0,177,193,250.0,311.0,302.0,280.0,163.0,137.0,123.0,112,108.0,145,164.0,251.0,289.0,342,267.0
13,200,140,170,257,163,120,127.0,133,127,187.0,200.0,147.0,138.0,133.0,143.0,162.0,143,,127,133.0,148.0,172.0,170,150.0
14,150,200,183,167,157,160,160.0,183,187,304.0,312.0,243.0,223.0,150.0,124.0,134.0,119,120.0,118,141.0,240.0,322.0,346,323.0
15,312,193,180,230,273,305,362.0,332,260,312.0,237.0,183.0,165.0,138.0,127.0,119.0,125,111.0,125,381.0,255.0,293.0,290,308.0
16,200,143,180,207,237,220,223.0,358,332,323.0,362.0,357.0,335.0,321.0,302.0,270.0,217,170.0,200,267.0,395.0,354.0,438,443.0
17,399,388,365,366,368,341,407.0,410,398,403.0,410.0,378.0,340.0,325.0,193.0,217.0,130,119.0,153,163.0,411.0,455.0,434,430.0
18,420,457,432,429,417,412,406.0,400,404,402.0,454.0,443.0,463.0,444.0,421.0,423.0,370,372.0,392,426.0,434.0,474.0,500,500.0
19,500,500,494,447,460,353,325.0,312,316,301.0,301.0,323.0,339.0,395.0,441.0,457.0,401,408.0,372,351.0,376.0,414.0,449,449.0
20,452,439,407,373,349,230,260.0,230,267,293.0,303.0,305.0,323.0,351.0,349.0,325.0,183,167.0,230,277.0,359.0,410.0,411,
21,385,359,325,328,334,331,297.0,293,293,187.0,187.0,217.0,311.0,329.0,325.0,321.0,315,337.0,371,375.0,376.0,404.0,431,438.0
22,413,357,277,270,260,201,279.0,299,355,,,,,,,,425,399.0,393,376.0,375.0,402.0,433,402.0
23,406,370,363,331,323,314,267.0,230,167,177.0,197.0,183.0,200.0,311.0,324.0,324.0,316,325.0,328,345.0,387.0,410.0,460,466.0
24,420,378,351,349,362,355,338.0,349,357,348.0,323.0,301.0,267.0,273.0,243.0,243.0,187,197.0,240,307.0,336.0,368.0,352,332.0
25,318,304,280,257,277,223,233.0,287,280,253.0,290.0,319.0,342.0,357.0,358.0,355.0,325,311.0,309,327.0,358.0,359.0,361,362.0
26,344,337,335,331,311,290,273.0,220,220,203.0,170.0,,253.0,345.0,372.0,431.0,456,449.0,395,373.0,358.0,378.0,395,410.0
27,414,406,391,342,303,287,273.0,257,304,293.0,301.0,303.0,312.0,325.0,335.0,307.0,301,306.0,312,322.0,379.0,371.0,376,372.0
28,366,353,345,339,328,325,328.0,332,325,332.0,387.0,405.0,358.0,318.0,315.0,240.0,223,203.0,260,305.0,319.0,430.0,373,332.0
29,324,388,357,329,342,327,327.0,378,395,371.0,357.0,372.0,353.0,345.0,337.0,368.0,358,325.0,306,325.0,436.0,463.0,452,480.0
30,482,477,449,427,420,421,405.0,402,411,407.0,426.0,449.0,462.0,420.0,371.0,348.0,353,390.0,396,395.0,432.0,424.0,439,466.0
31,462,496,444,391,362,340,332.0,325,304,237.0,240.0,240.0,260.0,290.0,267.0,183.0,180,250.0,257,302.0,304.0,308.0,307,318.0
"
"
Year,2023
January-2023,00:00:00,01:00:00,02:00:00,03:00:00,04:00:00,05:00:00,06:00:00,07:00:00,08:00:00,09:00:00,10:00:00,11:00:00,12:00:00,13:00:00,14:00:00,15:00:00,16:00:00,17:00:00,18:00:00,19:00:00,20:00:00,21:00:00,22:00:00,23:00:00
1,316.0,311.0,273.0,243.0,280.0,312.0,319.0,362.0,337.0,318.0,338.0,305.0,280.0,305,273.0,200.0,200.0,140,147,167,309,376,369,
2,,,,,,,,,,,,,,356,351.0,356.0,363.0,369,374,362,335,334,357,357.0
3,363.0,370.0,399.0,390.0,358.0,333.0,350.0,359.0,357.0,359.0,362.0,378.0,387.0,401,406.0,406.0,392.0,378,362,359,374,384,380,331.0
4,319.0,312.0,257.0,240.0,193.0,197.0,177.0,170.0,200.0,213.0,290.0,312.0,357.0,335,361.0,365.0,338.0,324,307,315,352,404,374,370.0
5,344.0,333.0,304.0,308.0,240.0,318.0,302.0,250.0,259.0,230.0,223.0,230.0,273.0,324,333.0,332.0,331.0,329,315,57,352,378,454,382.0
6,408.0,382.0,359.0,342.0,332.0,328.0,318.0,303.0,302.0,,,,361.0,402,401.0,378.0,365.0,365,334,332,358,376,410,402.0
7,384.0,492.0,436.0,396.0,320.0,306.0,273.0,270.0,213.0,237.0,197.0,257.0,354.0,345,325.0,334.0,327.0,314,312,319,351,378,386,499.0
8,460.0,429.0,371.0,365.0,336.0,290.0,217.0,197.0,177.0,193.0,197.0,297.0,319.0,325,354.0,370.0,366.0,359,372,375,379,416,407,406.0
9,405.0,401.0,388.0,3.0,372.0,70.0,338.0,322.0,319.0,319.0,315.0,309.0,311.0,329,353.0,416.0,452.0,443,68,68,409,413,82,447.0
10,500.0,493.0,446.0,419.0,351.0,311.0,270.0,233.0,250.0,301.0,260.0,273.0,306.0,332,352.0,348.0,337.0,325,329,338,355,398,397,378.0
11,312.0,233.0,243.0,203.0,233.0,133.0,123.0,143.0,133.0,113.0,123.0,157.0,237.0,305,305.0,361.0,397.0,395,411,422,421,365,337,354.0
12,353.0,341.0,342.0,345.0,344.0,345.0,336.0,329.0,335.0,350.0,370.0,379.0,390.0,407,405.0,384.0,375.0,359,350,363,354,372,382,398.0
13,401.0,,,,,356.0,348.0,342.0,358.0,361.0,358.0,388.0,435.0,444,429.0,391.0,366.0,383,367,369,395,376,365,361.0
14,353.0,384.0,349.0,363.0,374.0,373.0,372.0,350.0,344.0,336.0,335.0,325.0,319.0,315,303.0,243.0,230.0,217,253,312,315,312,311,310.0
15,250.0,220.0,183.0,193.0,183.0,147.0,180.0,183.0,197.0,250.0,253.0,200.0,150.0,123,127.0,107.0,101.0,115,103,101,167,315,373,402.0
16,354.0,353.0,340.0,352.0,352.0,332.0,337.0,319.0,342.0,351.0,331.0,325.0,310.0,257,147.0,177.0,183.0,130,127,133,203,321,362,380.0
17,397.0,368.0,345.0,329.0,315.0,290.0,305.0,250.0,302.0,331.0,359.0,309.0,297.0,150,114.0,97.0,97.0,107,97,125,160,277,334,427.0
18,411.0,,396.0,369.0,385.0,395.0,382.0,345.0,328.0,371.0,372.0,378.0,297.0,237,147.0,124.0,136.0,123,127,150,307,328,372,438.0
19,455.0,500.0,417.0,355.0,334.0,315.0,318.0,319.0,321.0,345.0,417.0,392.0,372.0,351,312.0,315.0,310.0,293,233,207,260,344,356,
20,357.0,365.0,349.0,307.0,68.0,78.0,73.0,73.0,85.0,103.0,180.0,187.0,207.0,193,127.0,71.0,72.0,101,163,223,334,383,301,277.0
21,322.0,,,320.0,323.0,314.0,302.0,297.0,310.0,257.0,306.0,327.0,366.0,431,426.0,413.0,362.0,431,418,404,409,431,453,453.0
22,442.0,418.0,410.0,411.0,416.0,424.0,413.0,401.0,401.0,414.0,413.0,411.0,387.0,348,340.0,339.0,303.0,314,315,324,357,393,393,408.0
23,401.0,371.0,362.0,373.0,344.0,335.0,328.0,327.0,320.0,336.0,358.0,342.0,362.0,339,319.0,297.0,207.0,167,150,150,250,407,417,388.0
24,354.0,327.0,322.0,328.0,321.0,323.0,323.0,332.0,365.0,342.0,233.0,109.0,117.0,137,137.0,147.0,115.0,105,107,99,107,180,237,200.0
25,130.0,167.0,143.0,140.0,150.0,127.0,103.0,147.0,163.0,157.0,240.0,315.0,237.0,270,,,,270,273,250,290,253,290,307.0
26,309.0,302.0,270.0,273.0,305.0,325.0,350.0,345.0,314.0,338.0,325.0,311.0,324.0,327,316.0,307.0,312.0,312,315,301,297,304,310,237.0
27,200.0,217.0,203.0,180.0,163.0,183.0,200.0,183.0,187.0,187.0,257.0,187.0,157.0,157,150.0,130.0,133.0,120,143,147,163,223,260,230.0
28,213.0,200.0,311.0,260.0,287.0,290.0,243.0,309.0,321.0,307.0,301.0,302.0,297.0,170,143.0,150.0,133.0,123,127,150,267,305,323,337.0
29,382.0,429.0,393.0,410.0,414.0,403.0,382.0,358.0,333.0,373.0,375.0,378.0,411.0,396,410.0,428.0,318.0,267,260,307,325,37,48,
30,,,,,,,,,,,,,,60,55.0,51.0,54.0,46,60,57,88,87,304,358.0
31,362.0,318.0,277.0,200.0,92.0,93.0,70.0,83.0,93.0,107.0,107.0,93.0,95.0,98,80.0,67.0,73.0,83,88,88,95,85,110,113.0
"
"
February-2023,00:00:00,01:00:00,02:00:00,03:00:00,04:00:00,05:00:00,06:00:00,07:00:00,08:00:00,09:00:00,10:00:00,11:00:00,12:00:00,13:00:00,14:00:00,15:00:00,16:00:00,17:00:00,18:00:00,19:00:00,20:00:00,21:00:00,22:00:00,23:00:00
1,110.0,180,217,180,183.0,180.0,183.0,170.0,143.0,123.0,133,163,127,114,120,103,85,142,162,175,184,163,223,187.0
2,200.0,177,203,297,170.0,193.0,213.0,207.0,207.0,223.0,257,230,167,140,155,105,105,105,114,119,133,147,193,187.0
3,230.0,220,207,240,293.0,305.0,253.0,303.0,315.0,339.0,319,325,253,133,107,108,104,111,111,145,168,290,315,386.0
4,345.0,338,323,341,327.0,301.0,305.0,318.0,331.0,314.0,314,301,280,267,233,180,143,143,200,243,306,322,334,328.0
5,316.0,297,257,217,220.0,257.0,280.0,240.0,315.0,325.0,329,331,301,223,147,103,88,78,78,90,166,187,329,342.0
6,405.0,413,421,423,403.0,369.0,369.0,356.0,358.0,372.0,439,434,336,301,297,305,280,250,260,273,305,331,341,358.0
7,344.0,348,384,385,345.0,342.0,358.0,370.0,371.0,345.0,334,324,310,183,133,122,123,121,97,104,113,150,119,111.0
8,97.0,99,91,140,105.0,90.0,94.0,138.0,157.0,200.0,293,193,207,129,104,108,108,100,113,109,141,203,318,312.0
9,280.0,180,193,217,293.0,203.0,302.0,339.0,336.0,,339,308,207,170,185,156,139,146,131,184,257,243,315,335.0
10,310.0,270,302,301,314.0,315.0,308.0,306.0,290.0,366.0,337,301,290,315,314,308,293,145,131,137,193,280,302,371.0
11,336.0,323,321,329,319.0,321.0,327.0,322.0,40.0,40.0,331,399,414,401,307,240,223,187,213,290,305,312,315,304.0
12,260.0,237,160,167,130.0,113.0,133.0,120.0,115.0,127.0,143,119,121,111,127,115,121,122,107,101,111,115,101,107.0
13,101.0,85,101,95,83.0,94.0,69.0,58.0,75.0,113.0,147,217,178,245,202,202,178,151,141,112,119,117,114,111.0
14,101.0,99,114,91,75.0,94.0,89.0,99.0,115.0,170.0,243,160,134,126,109,108,109,103,100,119,140,150,147,140.0
15,160.0,223,220,280,267.0,237.0,319.0,233.0,180.0,220.0,257,223,160,137,149,147,136,133,137,151,147,200,253,
16,223.0,305,280,302,321.0,,309.0,319.0,374.0,362.0,361,351,368,342,328,329,336,324,305,312,325,336,418,
17,,425,447,436,,,,,358.0,,374,417,500,403,414,359,327,321,324,355,356,392,406,445.0
18,,437,449,414,401.0,,,,,,407,440,407,368,335,325,287,270,233,237,230,309,319,
19,,372,375,349,336.0,337.0,356.0,334.0,65.0,314.0,301,310,328,365,400,342,332,334,312,325,352,400,407,405.0
20,405.0,388,382,367,365.0,367.0,387.0,379.0,388.0,382.0,398,465,361,327,305,273,174,151,177,223,243,277,267,277.0
21,334.0,342,335,339,328.0,315.0,305.0,305.0,306.0,308.0,321,302,303,303,148,129,312,287,250,280,324,341,353,362.0
22,345.0,345,329,325,323.0,321.0,220.0,213.0,36.0,50.0,45,270,316,365,361,342,306,257,107,124,167,310,303,408.0
23,350.0,328,308,373,,260.0,207.0,163.0,183.0,197.0,213,223,133,99,108,98,105,88,101,109,111,131,167,230.0
24,187.0,101,97,311,143.0,180.0,140.0,177.0,207.0,253.0,323,345,220,127,120,117,101,107,118,117,146,161,203,304.0
25,267.0,290,304,320,,,332.0,333.0,338.0,336.0,348,338,270,203,167,145,150,140,140,160,147,250,311,290.0
26,302.0,321,328,345,332.0,334.0,334.0,335.0,328.0,331.0,358,352,325,329,338,329,314,180,193,147,170,220,287,243.0
27,314.0,334,319,323,335.0,,,,,362.0,355,350,325,253,237,147,109,114,107,111,117,143,312,305.0
28,315.0,325,322,332,240.0,177.0,312.0,328.0,348.0,340.0,356,333,322,170,170,142,112,113,111,133,153,156,147,124.0
"
"
March-2023,00:00:00,01:00:00,02:00:00,03:00:00,04:00:00,05:00:00,06:00:00,07:00:00,08:00:00,09:00:00,10:00:00,11:00:00,12:00:00,13:00:00,14:00:00,15:00:00,16:00:00,17:00:00,18:00:00,19:00:00,20:00:00,21:00:00,22:00:00,23:00:00
1,185.0,177.0,167.0,120.0,96.0,203.0,297.0,267.0,181.0,97.0,94.0,101.0,99.0,109.0,114.0,114.0,104.0,92.0,78.0,171.0,108.0,178.0,297.0,257.0
2,303.0,401.0,327.0,335.0,303.0,331.0,,311.0,334.0,237.0,315.0,320.0,304.0,170.0,113.0,107.0,89.0,85.0,96.0,102.0,108.0,163.0,185.0,140.0
3,220.0,183.0,233.0,160.0,147.0,183.0,183.0,177.0,111.0,127.0,183.0,143.0,129.0,91.0,86.0,83.0,77.0,75.0,77.0,95.0,107.0,112.0,105.0,105.0
4,118.0,105.0,115.0,113.0,91.0,70.0,75.0,85.0,79.0,130.0,123.0,119.0,119.0,362.0,125.0,117.0,111.0,102.0,95.0,115.0,138.0,129.0,127.0,110.0
5,140.0,220.0,197.0,200.0,,200.0,160.0,150.0,133.0,167.0,123.0,80.0,86.0,90.0,86.0,82.0,82.0,78.0,80.0,73.0,102.0,111.0,127.0,98.0
6,150.0,177.0,75.0,,,107.0,163.0,213.0,280.0,323.0,307.0,167.0,163.0,104.0,99.0,96.0,96.0,111.0,93.0,83.0,113.0,117.0,109.0,143.0
7,223.0,163.0,233.0,318.0,331.0,414.0,403.0,379.0,348.0,331.0,312.0,207.0,115.0,116.0,102.0,98.0,100.0,99.0,95.0,78.0,66.0,120.0,213.0,162.0
8,366.0,325.0,318.0,315.0,,,331.0,384.0,392.0,378.0,414.0,328.0,170.0,113.0,117.0,107.0,101.0,100.0,99.0,87.0,83.0,94.0,200.0,315.0
9,183.0,223.0,129.0,129.0,90.0,57.0,55.0,56.0,57.0,18.0,39.0,71.0,99.0,97.0,111.0,100.0,97.0,100.0,100.0,101.0,109.0,107.0,115.0,127.0
10,237.0,301.0,200.0,197.0,170.0,243.0,233.0,306.0,308.0,66.0,365.0,331.0,148.0,141.0,140.0,133.0,109.0,104.0,113.0,118.0,127.0,281.0,183.0,301.0
11,302.0,319.0,328.0,332.0,320.0,321.0,392.0,358.0,348.0,341.0,301.0,253.0,142.0,153.0,130.0,124.0,118.0,110.0,120.0,117.0,127.0,168.0,243.0,305.0
12,305.0,310.0,306.0,321.0,,,,,,,,,,,,,,,112.0,105.0,129.0,233.0,334.0,325.0
13,312.0,325.0,345.0,334.0,,,323.0,322.0,332.0,329.0,421.0,327.0,182.0,147.0,131.0,118.0,115.0,120.0,133.0,130.0,172.0,325.0,311.0,301.0
14,356.0,339.0,314.0,315.0,327.0,333.0,414.0,402.0,393.0,403.0,446.0,77.0,220.0,217.0,119.0,147.0,134.0,116.0,101.0,107.0,123.0,161.0,159.0,360.0
15,346.0,309.0,310.0,277.0,305.0,302.0,277.0,304.0,319.0,332.0,424.0,333.0,335.0,223.0,169.0,188.0,187.0,147.0,125.0,129.0,141.0,220.0,253.0,301.0
16,257.0,267.0,307.0,321.0,338.0,341.0,370.0,358.0,350.0,362.0,403.0,388.0,365.0,329.0,305.0,260.0,290.0,230.0,,181.0,157.0,201.0,116.0,195.0
17,127.0,145.0,265.0,120.0,120.0,127.0,143.0,147.0,297.0,312.0,197.0,147.0,147.0,166.0,259.0,280.0,362.0,186.0,,,160.0,261.0,303.0,327.0
18,223.0,223.0,200.0,220.0,257.0,130.0,88.0,143.0,113.0,78.0,77.0,147.0,85.0,97.0,107.0,45.0,85.0,44.0,32.0,31.0,,,,
19,,,,,,,,,,,,,,,,,,,,,,118.0,107.0,109.0
20,123.0,202.0,182.0,155.0,105.0,140.0,187.0,177.0,193.0,302.0,345.0,308.0,150.0,133.0,127.0,143.0,109.0,46.0,48.0,47.0,63.0,52.0,30.0,34.0
21,35.0,32.0,35.0,20.0,35.0,38.0,50.0,63.0,85.0,47.0,70.0,83.0,87.0,73.0,70.0,65.0,60.0,75.0,73.0,70.0,85.0,48.0,73.0,80.0
22,92.0,102.0,112.0,110.0,97.0,102.0,114.0,312.0,200.0,147.0,193.0,237.0,260.0,183.0,148.0,133.0,103.0,110.0,119.0,131.0,148.0,156.0,176.0,191.0
23,170.0,213.0,332.0,325.0,310.0,302.0,301.0,302.0,280.0,322.0,387.0,304.0,142.0,157.0,80.0,85.0,110.0,122.0,137.0,150.0,159.0,178.0,254.0,318.0
24,350.0,306.0,251.0,331.0,323.0,321.0,314.0,306.0,315.0,352.0,339.0,316.0,143.0,96.0,101.0,110.0,177.0,95.0,97.0,83.0,99.0,105.0,147.0,147.0
25,113.0,110.0,73.0,55.0,80.0,86.0,80.0,86.0,95.0,48.0,52.0,65.0,72.0,91.0,109.0,114.0,118.0,90.0,77.0,64.0,72.0,69.0,164.0,211.0
26,207.0,217.0,200.0,197.0,177.0,150.0,143.0,98.0,95.0,115.0,127.0,85.0,86.0,150.0,149.0,139.0,149.0,145.0,140.0,141.0,155.0,157.0,193.0,211.0
27,130.0,115.0,92.0,97.0,203.0,146.0,111.0,123.0,183.0,270.0,167.0,116.0,105.0,94.0,97.0,99.0,98.0,103.0,107.0,94.0,108.0,140.0,179.0,273.0
28,220.0,207.0,200.0,233.0,260.0,197.0,243.0,223.0,243.0,395.0,407.0,116.0,141.0,98.0,96.0,103.0,97.0,99.0,97.0,85.0,182.0,129.0,91.0,96.0
29,120.0,267.0,277.0,243.0,243.0,277.0,314.0,307.0,365.0,95.0,375.0,301.0,321.0,273.0,190.0,163.0,204.0,239.0,167.0,151.0,210.0,140.0,113.0,100.0
30,109.0,146.0,253.0,233.0,223.0,243.0,315.0,311.0,293.0,270.0,167.0,123.0,129.0,122.0,130.0,178.0,179.0,123.0,160.0,133.0,62.0,63.0,64.0,48.0
31,46.0,27.0,36.0,38.0,40.0,48.0,52.0,50.0,42.0,55.0,53.0,63.0,69.0,77.0,92.0,120.0,132.0,105.0,83.0,65.0,62.0,56.0,49.0,57.0
"
"
April-2023,00:00:00,01:00:00,02:00:00,03:00:00,04:00:00,05:00:00,06:00:00,07:00:00,08:00:00,09:00:00,10:00:00,11:00:00,12:00:00,13:00:00,14:00:00,15:00:00,16:00:00,17:00:00,18:00:00,19:00:00,20:00:00,21:00:00,22:00:00,23:00:00
1,50.0,36.0,45.0,47.0,59.0,57.0,56.0,58.0,58.0,85.0,203.0,120,100,127,176.0,192.0,201,212,127.0,130.0,87.0,92.0,94.0,91.0
2,77.0,67.0,91.0,110.0,97.0,74.0,77.0,85.0,87.0,143.0,306.0,237,123,121,147.0,104.0,92,89,89.0,80.0,75.0,99.0,127.0,156.0
3,378.0,427.0,260.0,312.0,230.0,217.0,315.0,318.0,311.0,243.0,133.0,114,92,88,99.0,116.0,107,99,90.0,116.0,108.0,109.0,102.0,
4,,,197.0,,,203.0,,69.0,59.0,63.0,65.0,31,88,125,141.0,107.0,92,92,86.0,76.0,104.0,149.0,172.0,301.0
5,160.0,105.0,121.0,177.0,142.0,116.0,105.0,129.0,140.0,160.0,131.0,143,131,91,89.0,109.0,108,105,93.0,89.0,126.0,254.0,403.0,409.0
6,423.0,238.0,206.0,155.0,137.0,119.0,115.0,73.0,86.0,116.0,109.0,100,105,107,111.0,88.0,89,92,94.0,107.0,119.0,163.0,174.0,352.0
7,205.0,217.0,177.0,181.0,133.0,150.0,109.0,119.0,124.0,129.0,131.0,163,120,115,109.0,100.0,102,106,104.0,101.0,112.0,183.0,276.0,375.0
8,308.0,193.0,150.0,157.0,167.0,137.0,155.0,144.0,163.0,237.0,148.0,108,119,123,120.0,121.0,119,111,116.0,94.0,109.0,155.0,320.0,274.0
9,299.0,329.0,407.0,390.0,321.0,318.0,322.0,346.0,348.0,425.0,425.0,351,312,122,127.0,121.0,129,121,114.0,97.0,126.0,250.0,255.0,199.0
10,216.0,314.0,328.0,307.0,303.0,304.0,314.0,416.0,399.0,434.0,411.0,333,217,142,147.0,142.0,132,119,123.0,105.0,123.0,289.0,447.0,396.0
11,449.0,477.0,416.0,432.0,497.0,434.0,414.0,419.0,401.0,413.0,352.0,341,174,156,121.0,107.0,127,125,127.0,121.0,163.0,364.0,428.0,436.0
12,309.0,253.0,287.0,287.0,253.0,321.0,253.0,207.0,308.0,253.0,302.0,207,159,155,190.0,155.0,131,163,161.0,156.0,150.0,249.0,273.0,271.0
13,282.0,320.0,404.0,348.0,332.0,304.0,310.0,259.0,185.0,254.0,189.0,209,170,141,,,123,143,124.0,151.0,168.0,389.0,452.0,447.0
14,413.0,410.0,438.0,328.0,378.0,338.0,378.0,401.0,429.0,394.0,409.0,324,280,145,153.0,103.0,106,108,103.0,135.0,146.0,298.0,391.0,335.0
15,371.0,417.0,322.0,398.0,436.0,413.0,419.0,439.0,456.0,469.0,457.0,428,345,316,147.0,137.0,153,134,117.0,104.0,127.0,244.0,308.0,421.0
16,305.0,335.0,305.0,321.0,301.0,187.0,233.0,257.0,301.0,287.0,321.0,315,165,124,115.0,109.0,105,108,,,,,,
17,,,,,,,,,,,305.0,257,189,155,140.0,131.0,119,149,127.0,123.0,149.0,318.0,389.0,432.0
18,410.0,408.0,432.0,408.0,433.0,439.0,435.0,439.0,409.0,385.0,306.0,218,179,215,,,165,164,150.0,159.0,192.0,304.0,430.0,500.0
19,448.0,250.0,349.0,398.0,238.0,223.0,243.0,407.0,187.0,185.0,178.0,160,179,185,156.0,156.0,149,151,163.0,170.0,174.0,406.0,220.0,298.0
20,187.0,122.0,125.0,133.0,145.0,135.0,105.0,103.0,125.0,143.0,94.0,146,135,117,135.0,131.0,142,137,119.0,119.0,153.0,221.0,109.0,179.0
21,244.0,299.0,140.0,90.0,90.0,86.0,89.0,85.0,90.0,124.0,126.0,144,135,130,142.0,144.0,144,137,142.0,148.0,172.0,218.0,179.0,172.0
22,184.0,196.0,173.0,108.0,78.0,94.0,123.0,120.0,130.0,143.0,,119,124,137,139.0,137.0,139,152,134.0,118.0,152.0,469.0,320.0,229.0
23,74.0,91.0,352.0,136.0,88.0,70.0,104.0,80.0,107.0,123.0,95.0,88,83,101,46.0,140.0,131,94,88.0,109.0,109.0,153.0,211.0,131.0
24,119.0,145.0,151.0,131.0,144.0,217.0,167.0,304.0,213.0,385.0,391.0,354,199,203,167.0,152.0,173,123,130.0,153.0,153.0,167.0,178.0,156.0
25,145.0,142.0,126.0,144.0,260.0,177.0,187.0,270.0,304.0,303.0,133.0,107,133,155,159.0,185.0,212,226,189.0,147.0,131.0,335.0,411.0,319.0
26,257.0,301.0,301.0,305.0,312.0,325.0,319.0,312.0,340.0,337.0,306.0,195,199,249,244.0,266.0,276,160,252.0,189.0,189.0,346.0,391.0,318.0
27,320.0,349.0,388.0,376.0,365.0,370.0,325.0,319.0,325.0,328.0,348.0,400,217,199,201.0,226.0,239,213,199.0,151.0,193.0,252.0,120.0,98.0
28,75.0,74.0,68.0,101.0,115.0,103.0,147.0,,183.0,147.0,290.0,177,167,186,193.0,181.0,160,177,149.0,150.0,169.0,323.0,329.0,348.0
29,368.0,404.0,355.0,340.0,315.0,308.0,302.0,308.0,365.0,370.0,181.0,194,235,241,222.0,201.0,197,191,,,,,,230.0
30,273.0,243.0,220.0,213.0,129.0,150.0,63.0,69.0,135.0,89.0,75.0,82,101,102,104.0,104.0,121,99,95.0,114.0,123.0,126.0,113.0,83.0
"
"
May-2023,00:00:00,01:00:00,02:00:00,03:00:00,04:00:00,05:00:00,06:00:00,07:00:00,08:00:00,09:00:00,10:00:00,11:00:00,12:00:00,13:00:00,14:00:00,15:00:00,16:00:00,17:00:00,18:00:00,19:00:00,20:00:00,21:00:00,22:00:00,23:00:00
1,73.0,88.0,83.0,73.0,98.0,92.0,87.0,85.0,130.0,97.0,80.0,83.0,60.0,43.0,45,46,42,45,52.0,47.0,45.0,48.0,58.0,58.0
2,68.0,75.0,79.0,60.0,41.0,45.0,63.0,75.0,83.0,88.0,70.0,70.0,67.0,65.0,78,83,55,61,62.0,52.0,49.0,67.0,68.0,57.0
3,83.0,89.0,99.0,120.0,163.0,147.0,140.0,127.0,160.0,157.0,140.0,150.0,109.0,123.0,105,105,63,52,40.0,37.0,32.0,38.0,56.0,57.0
4,55.0,67.0,78.0,83.0,98.0,87.0,58.0,55.0,57.0,113.0,390.0,180.0,74.0,83.0,92,120,150,160,165.0,131.0,147.0,138.0,105.0,133.0
5,133.0,167.0,187.0,282.0,240.0,223.0,237.0,217.0,297.0,417.0,332.0,177.0,207.0,157.0,128,139,147,152,155.0,127.0,138.0,168.0,203.0,302.0
6,405.0,384.0,372.0,341.0,345.0,345.0,375.0,345.0,382.0,383.0,340.0,197.0,118.0,119.0,73,51,68,81,98.0,109.0,108.0,130.0,210.0,200.0
7,233.0,305.0,297.0,327.0,307.0,306.0,306.0,342.0,355.0,358.0,323.0,134.0,141.0,270.0,147,136,130,132,111.0,115.0,111.0,115.0,118.0,116.0
8,148.0,133.0,133.0,147.0,157.0,180.0,150.0,140.0,250.0,270.0,157.0,150.0,151.0,,116,109,119,147,115.0,126.0,119.0,136.0,157.0,181.0
9,183.0,206.0,268.0,209.0,240.0,233.0,240.0,270.0,308.0,331.0,327.0,334.0,297.0,164.0,173,193,203,201,149.0,157.0,171.0,192.0,253.0,302.0
10,318.0,277.0,357.0,348.0,315.0,311.0,302.0,270.0,339.0,334.0,277.0,160.0,142.0,143.0,160,163,165,155,154.0,,,168.0,250.0,314.0
11,450.0,430.0,403.0,408.0,395.0,429.0,419.0,441.0,486.0,422.0,398.0,336.0,273.0,217.0,207,188,198,196,,151.0,147.0,315.0,307.0,339.0
12,331.0,,340.0,357.0,349.0,352.0,388.0,410.0,358.0,306.0,220.0,195.0,199.0,262.0,258,237,190,192,174.0,244.0,179.0,233.0,304.0,310.0
13,319.0,310.0,322.0,341.0,365.0,358.0,350.0,328.0,355.0,407.0,337.0,319.0,297.0,264.0,200,268,163,258,159.0,195.0,153.0,277.0,314.0,340.0
14,376.0,422.0,401.0,318.0,325.0,327.0,325.0,323.0,345.0,400.0,302.0,202.0,171.0,153.0,161,177,185,179,165.0,146.0,145.0,174.0,244.0,309.0
15,233.0,173.0,140.0,138.0,188.0,109.0,119.0,122.0,136.0,138.0,141.0,177.0,166.0,144.0,156,171,161,197,190.0,151.0,179.0,212.0,300.0,255.0
16,431.0,453.0,166.0,84.0,77.0,321.0,257.0,351.0,436.0,500.0,500.0,374.0,500.0,433.0,480,494,449,425,454.0,451.0,443.0,480.0,482.0,486.0
17,45.0,444.0,428.0,428.0,276.0,257.0,334.0,405.0,426.0,,,,66.0,111.0,175,168,171,178,163.0,163.0,336.0,177.0,161.0,183.0
18,118.0,120.0,129.0,167.0,85.0,191.0,52.0,50.0,58.0,62.0,55.0,46.0,67.0,130.0,175,155,144,124,161.0,105.0,119.0,124.0,320.0,175.0
19,167.0,200.0,144.0,104.0,79.0,75.0,120.0,167.0,301.0,187.0,121.0,111.0,113.0,137.0,142,154,222,187,181.0,161.0,171.0,171.0,186.0,202.0
20,237.0,210.0,187.0,174.0,194.0,181.0,170.0,325.0,355.0,341.0,233.0,147.0,165.0,144.0,152,146,160,135,,,,88.0,241.0,332.0
21,434.0,451.0,430.0,445.0,410.0,299.0,344.0,376.0,349.0,429.0,370.0,217.0,145.0,149.0,133,118,116,107,103.0,101.0,130.0,181.0,197.0,194.0
22,290.0,489.0,326.0,319.0,330.0,199.0,191.0,201.0,181.0,181.0,266.0,260.0,197.0,184.0,177,157,173,175,181.0,181.0,175.0,278.0,341.0,311.0
23,418.0,401.0,297.0,321.0,307.0,192.0,202.0,203.0,199.0,175.0,166.0,165.0,161.0,155.0,142,129,141,125,126.0,137.0,500.0,143.0,401.0,160.0
24,,,,,,,,,,,,89.0,105.0,126.0,117,112,105,101,108.0,113.0,117.0,95.0,97.0,
25,,,,,,,,,,102.0,108.0,114.0,122.0,149.0,138,126,138,132,122.0,119.0,,,,
26,,,,,,,,,,,,,,118.0,155,120,137,136,129.0,123.0,117.0,126.0,170.0,174.0
27,146.0,177.0,207.0,240.0,230.0,233.0,333.0,355.0,54.0,,,,,102.0,109,108,107,119,121.0,88.0,66.0,62.0,86.0,64.0
28,62.0,78.0,101.0,101.0,120.0,120.0,157.0,130.0,277.0,336.0,233.0,114.0,147.0,125.0,151,170,180,196,196.0,135.0,119.0,123.0,320.0,217.0
29,319.0,305.0,273.0,163.0,80.0,78.0,70.0,70.0,77.0,112.0,113.0,112.0,126.0,142.0,156,127,131,129,94.0,95.0,119.0,112.0,133.0,
30,51.0,57.0,57.0,68.0,,,,,113.0,88.0,83.0,89.0,155.0,184.0,134,180,169,168,164.0,124.0,261.0,68.0,50.0,48.0
31,70.0,52.0,55.0,57.0,89.0,203.0,302.0,147.0,87.0,63.0,65.0,62.0,75.0,83.0,84,84,82,80,78.0,66.0,68.0,62.0,68.0,75.0
"
"
June-2023,00:00:00,01:00:00,02:00:00,03:00:00,04:00:00,05:00:00,06:00:00,07:00:00,08:00:00,09:00:00,10:00:00,11:00:00,12:00:00,13:00:00,14:00:00,15:00:00,16:00:00,17:00:00,18:00:00,19:00:00,20:00:00,21:00:00,22:00:00,23:00:00
1,75.0,75.0,110.0,92.0,113.0,97.0,133.0,97.0,85.0,67.0,65.0,107.0,,,,,,,81.0,82.0,72.0,86.0,189.0,140.0
2,,160.0,137.0,113.0,102.0,114.0,97.0,79.0,72.0,60.0,64.0,81.0,103.0,138.0,137.0,112.0,93.0,95.0,91.0,93.0,78.0,115.0,107.0,
3,109.0,109.0,86.0,133.0,160.0,,,213.0,197.0,90.0,92.0,96.0,101.0,109.0,105.0,114.0,121.0,125.0,121.0,125.0,81.0,166.0,271.0,299.0
4,177.0,187.0,197.0,237.0,302.0,333.0,,,,,,,,,,,,133.0,162.0,153.0,145.0,141.0,150.0,163.0
5,237.0,203.0,207.0,213.0,,,,,,,,,80.0,115.0,105.0,105.0,132.0,148.0,128.0,,,,,
6,,,,,,,,,,,,,171.0,168.0,176.0,167.0,160.0,161.0,166.0,137.0,94.0,403.0,391.0,346.0
7,357.0,350.0,162.0,175.0,161.0,187.0,199.0,312.0,329.0,336.0,405.0,315.0,222.0,150.0,,,,,,,,,,167.0
8,332.0,226.0,123.0,127.0,160.0,207.0,120.0,134.0,159.0,147.0,141.0,132.0,140.0,138.0,131.0,131.0,142.0,130.0,140.0,130.0,162.0,140.0,253.0,222.0
9,177.0,200.0,234.0,288.0,248.0,240.0,170.0,182.0,193.0,111.0,141.0,145.0,128.0,144.0,139.0,135.0,153.0,138.0,119.0,134.0,184.0,155.0,131.0,101.0
10,124.0,121.0,140.0,103.0,126.0,138.0,142.0,193.0,250.0,179.0,159.0,177.0,167.0,172.0,165.0,155.0,159.0,140.0,260.0,346.0,157.0,111.0,120.0,114.0
11,137.0,123.0,114.0,107.0,81.0,79.0,58.0,70.0,100.0,118.0,126.0,75.0,80.0,127.0,194.0,168.0,197.0,189.0,233.0,145.0,133.0,147.0,147.0,151.0
12,159.0,140.0,155.0,137.0,157.0,160.0,187.0,163.0,133.0,100.0,81.0,100.0,148.0,168.0,191.0,209.0,196.0,166.0,155.0,152.0,155.0,164.0,162.0,163.0
13,207.0,222.0,194.0,188.0,224.0,226.0,216.0,281.0,278.0,241.0,298.0,194.0,235.0,186.0,159.0,157.0,200.0,197.0,217.0,233.0,262.0,265.0,254.0,279.0
14,248.0,319.0,185.0,156.0,146.0,135.0,126.0,203.0,,211.0,183.0,174.0,187.0,213.0,265.0,329.0,390.0,329.0,305.0,272.0,260.0,304.0,131.0,103.0
15,125.0,109.0,105.0,123.0,129.0,126.0,146.0,123.0,119.0,149.0,113.0,115.0,137.0,141.0,,,127.0,109.0,102.0,92.0,111.0,99.0,92.0,101.0
16,108.0,155.0,149.0,123.0,142.0,112.0,122.0,193.0,177.0,118.0,111.0,117.0,95.0,127.0,145.0,115.0,131.0,155.0,119.0,120.0,123.0,124.0,167.0,149.0
17,155.0,150.0,167.0,178.0,316.0,312.0,320.0,320.0,220.0,102.0,68.0,72.0,89.0,103.0,111.0,97.0,101.0,97.0,91.0,104.0,152.0,127.0,119.0,133.0
18,102.0,100.0,85.0,70.0,104.0,98.0,102.0,105.0,104.0,75.0,63.0,68.0,51.0,47.0,39.0,52.0,69.0,78.0,84.0,111.0,77.0,107.0,103.0,96.0
19,89.0,99.0,100.0,100.0,63.0,61.0,61.0,66.0,107.0,103.0,40.0,40.0,22.0,22.0,29.0,78.0,110.0,131.0,104.0,101.0,139.0,75.0,88.0,85.0
20,90.0,107.0,99.0,93.0,107.0,160.0,93.0,80.0,101.0,,,,69.0,61.0,55.0,,98.0,107.0,109.0,115.0,109.0,100.0,118.0,127.0
21,129.0,109.0,115.0,108.0,78.0,97.0,133.0,107.0,85.0,78.0,75.0,52.0,90.0,109.0,113.0,119.0,119.0,121.0,117.0,137.0,151.0,186.0,159.0,125.0
22,117.0,109.0,89.0,141.0,101.0,84.0,52.0,46.0,55.0,65.0,101.0,107.0,,,,,,,,118.0,107.0,108.0,122.0,129.0
23,127.0,168.0,217.0,237.0,160.0,104.0,70.0,89.0,101.0,105.0,104.0,112.0,105.0,119.0,123.0,126.0,119.0,127.0,134.0,141.0,140.0,163.0,167.0,230.0
24,213.0,243.0,,324.0,332.0,324.0,334.0,314.0,203.0,149.0,146.0,137.0,135.0,163.0,103.0,56.0,55.0,60.0,65.0,65.0,73.0,103.0,111.0,127.0
25,130.0,170.0,115.0,94.0,70.0,72.0,75.0,72.0,70.0,60.0,65.0,,57.0,64.0,65.0,65.0,68.0,65.0,65.0,65.0,70.0,60.0,62.0,62.0
26,65.0,60.0,70.0,83.0,80.0,75.0,75.0,83.0,92.0,120.0,180.0,107.0,70.0,55.0,56.0,68.0,68.0,70.0,70.0,72.0,75.0,62.0,68.0,140.0
27,133.0,120.0,92.0,197.0,98.0,113.0,55.0,55.0,52.0,45.0,48.0,61.0,70.0,59.0,51.0,60.0,68.0,68.0,68.0,68.0,70.0,70.0,80.0,82.0
28,80.0,78.0,78.0,58.0,75.0,80.0,86.0,103.0,80.0,84.0,82.0,80.0,78.0,82.0,76.0,62.0,65.0,68.0,74.0,78.0,115.0,122.0,135.0,138.0
29,120.0,101.0,127.0,107.0,130.0,143.0,180.0,193.0,203.0,83.0,62.0,65.0,68.0,65.0,68.0,75.0,82.0,88.0,90.0,85.0,90.0,65.0,82.0,83.0
30,85.0,103.0,133.0,147.0,170.0,67.0,60.0,60.0,62.0,50.0,50.0,55.0,48.0,48.0,52.0,50.0,37.0,46.0,72.0,52.0,42.0,40.0,62.0,70.0
"
"
July-2023,00:00:00,01:00:00,02:00:00,03:00:00,04:00:00,05:00:00,06:00:00,07:00:00,08:00:00,09:00:00,10:00:00,11:00:00,12:00:00,13:00:00,14:00:00,15:00:00,16:00:00,17:00:00,18:00:00,19:00:00,20:00:00,21:00:00,22:00:00,23:00:00
1,80.0,80.0,76.0,40.0,72.0,62.0,72.0,68.0,72.0,60.0,65.0,72.0,75.0,60.0,72.0,55.0,50.0,57.0,48.0,47.0,60.0,74.0,88.0,95.0
2,88.0,82.0,72.0,47.0,80.0,78.0,76.0,82.0,78.0,52.0,40.0,46.0,52.0,50.0,60.0,82.0,78.0,84.0,78.0,75.0,85.0,85.0,110.0,105.0
3,105.0,147.0,133.0,97.0,83.0,72.0,78.0,70.0,83.0,109.0,79.0,129.0,120.0,121.0,127.0,113.0,122.0,134.0,154.0,134.0,143.0,273.0,280.0,287.0
4,293.0,311.0,277.0,217.0,143.0,103.0,107.0,127.0,130.0,120.0,119.0,120.0,103.0,88.0,111.0,79.0,85.0,85.0,105.0,77.0,123.0,133.0,180.0,200.0
5,170.0,193.0,133.0,68.0,123.0,133.0,93.0,85.0,103.0,98.0,101.0,97.0,81.0,97.0,67.0,60.0,55.0,63.0,64.0,115.0,55.0,57.0,55.0,62.0
6,65.0,68.0,80.0,75.0,75.0,78.0,87.0,113.0,87.0,92.0,48.0,48.0,55.0,52.0,52.0,70.0,78.0,70.0,72.0,80.0,74.0,43.0,55.0,45.0
7,60.0,68.0,68.0,60.0,65.0,60.0,45.0,52.0,76.0,78.0,80.0,80.0,77.0,73.0,131.0,75.0,48.0,50.0,48.0,62.0,55.0,65.0,57.0,40.0
8,30.0,28.0,30.0,45.0,46.0,39.0,18.0,20.0,32.0,60.0,75.0,75.0,72.0,85.0,,,101.0,95.0,95.0,95.0,,,60.0,65.0
9,70.0,65.0,65.0,42.0,62.0,62.0,62.0,62.0,65.0,68.0,72.0,70.0,,,,57.0,57.0,57.0,,,,,,
10,,,,,,,,,,,,,,68.0,60.0,70.0,72.0,68.0,65.0,65.0,62.0,32.0,40.0,42.0
11,48.0,52.0,50.0,47.0,55.0,78.0,63.0,52.0,63.0,50.0,55.0,50.0,52.0,85.0,65.0,98.0,68.0,45.0,42.0,45.0,45.0,56.0,57.0,60.0
12,60.0,60.0,62.0,30.0,60.0,64.0,68.0,64.0,60.0,52.0,48.0,50.0,57.0,48.0,52.0,80.0,70.0,70.0,70.0,70.0,70.0,60.0,62.0,60.0
13,68.0,62.0,70.0,,65.0,65.0,65.0,68.0,68.0,100.0,98.0,95.0,92.0,95.0,,,,,,,,,,
14,,,,,,,,,,,,,,,,,,,,,,,,
15,,,,,,,,,,,,,,,,,,,,,,,,
16,,,,,,,,,,,,,,,,,,,,,,,,
17,,,,,,,,,,,,,,,,,,,,,,,,
18,,,,,,,,,,,,,,,,,,,,,,,,
19,,,,,,,,,,,,,,,,,,,,,,,,
20,,,,,,,,,,,,,,,,,,,,,,,,
21,,,,,,,,,,,,,104.0,,96.0,99.0,88.0,92.0,79.0,103.0,88.0,72.0,78.0,88.0
22,88.0,96.0,93.0,133.0,76.0,75.0,78.0,75.0,78.0,72.0,80.0,78.0,53.0,53.0,62.0,65.0,65.0,62.0,68.0,68.0,70.0,80.0,75.0,72.0
23,75.0,72.0,72.0,39.0,70.0,70.0,72.0,72.0,72.0,70.0,62.0,62.0,60.0,65.0,62.0,60.0,62.0,62.0,66.0,64.0,65.0,64.0,69.0,64.0
24,75.0,69.0,60.0,59.0,65.0,62.0,66.0,68.0,61.0,80.0,92.0,77.0,62.0,60.0,60.0,75.0,70.0,70.0,70.0,72.0,75.0,70.0,68.0,
25,,,,,,,,,,,,,,,101.0,102.0,99.0,83.0,82.0,74.0,92.0,85.0,92.0,88.0
26,90.0,88.0,85.0,47.0,80.0,82.0,80.0,80.0,78.0,68.0,62.0,68.0,62.0,70.0,70.0,62.0,92.0,,69.0,56.0,60.0,60.0,65.0,65.0
27,68.0,72.0,68.0,52.0,62.0,65.0,,,68.0,75.0,72.0,67.0,88.0,159.0,83.0,,,,58.0,90.0,89.0,92.0,78.0,78.0
28,61.0,102.0,79.0,73.0,78.0,73.0,64.0,55.0,50.0,60.0,70.0,87.0,78.0,80.0,52.0,110.0,102.0,95.0,108.0,131.0,108.0,116.0,,
29,,,,,,,,,160.0,,20.0,80.0,28.0,68.0,107.0,38.0,72.0,34.0,95.0,92.0,100.0,121.0,138.0,157.0
30,181.0,131.0,120.0,30.0,31.0,31.0,45.0,44.0,39.0,114.0,94.0,106.0,119.0,124.0,142.0,121.0,32.0,75.0,98.0,109.0,129.0,156.0,172.0,179.0
31,153.0,107.0,138.0,77.0,159.0,120.0,107.0,85.0,95.0,113.0,107.0,100.0,106.0,117.0,134.0,104.0,57.0,59.0,68.0,75.0,80.0,99.0,116.0,111.0
"
"
August-2023,00:00:00,01:00:00,02:00:00,03:00:00,04:00:00,05:00:00,06:00:00,07:00:00,08:00:00,09:00:00,10:00:00,11:00:00,12:00:00,13:00:00,14:00:00,15:00:00,16:00:00,17:00:00,18:00:00,19:00:00,20:00:00,21:00:00,22:00:00,23:00:00
1,176.0,165.0,126.0,45.0,41.0,59.0,48.0,41.0,53.0,137.0,120.0,125.0,130.0,133.0,134.0,108.0,67.0,77.0,80.0,88.0,77.0,78.0,101.0,117.0
2,103.0,81.0,57.0,59.0,59.0,52.0,52.0,50.0,80.0,68.0,86.0,95.0,99.0,89.0,90.0,95.0,88.0,91.0,85.0,98.0,102.0,111.0,109.0,85.0
3,46.0,48.0,46.0,33.0,35.0,20.0,19.0,17.0,31.0,46.0,77.0,80.0,83.0,84.0,99.0,101.0,105.0,91.0,91.0,95.0,109.0,111.0,78.0,90.0
4,94.0,113.0,104.0,67.0,78.0,81.0,72.0,74.0,81.0,53.0,50.0,50.0,66.0,91.0,105.0,83.0,63.0,55.0,57.0,62.0,62.0,70.0,68.0,70.0
5,70.0,70.0,70.0,60.0,70.0,73.0,73.0,60.0,62.0,65.0,65.0,68.0,65.0,,,,,,,,,81.0,99.0,131.0
6,124.0,166.0,137.0,118.0,86.0,69.0,70.0,63.0,85.0,83.0,66.0,75.0,84.0,90.0,97.0,91.0,91.0,94.0,86.0,84.0,100.0,109.0,107.0,105.0
7,109.0,101.0,107.0,84.0,97.0,89.0,85.0,74.0,88.0,91.0,100.0,103.0,94.0,91.0,100.0,104.0,107.0,111.0,120.0,111.0,114.0,124.0,115.0,125.0
8,111.0,123.0,129.0,114.0,86.0,88.0,86.0,81.0,99.0,100.0,115.0,121.0,124.0,115.0,123.0,121.0,130.0,144.0,141.0,141.0,157.0,139.0,127.0,127.0
9,131.0,126.0,123.0,126.0,118.0,99.0,107.0,105.0,104.0,102.0,101.0,115.0,116.0,116.0,119.0,123.0,118.0,129.0,130.0,130.0,144.0,163.0,159.0,156.0
10,171.0,164.0,153.0,145.0,141.0,129.0,126.0,104.0,103.0,95.0,102.0,113.0,102.0,115.0,115.0,117.0,127.0,125.0,127.0,124.0,,,146.0,129.0
11,177.0,105.0,115.0,113.0,140.0,140.0,140.0,121.0,121.0,109.0,114.0,121.0,115.0,119.0,119.0,129.0,123.0,127.0,131.0,123.0,135.0,155.0,131.0,161.0
12,145.0,153.0,131.0,121.0,109.0,103.0,99.0,99.0,96.0,105.0,115.0,102.0,103.0,104.0,109.0,113.0,104.0,111.0,111.0,134.0,137.0,165.0,141.0,120.0
13,118.0,113.0,94.0,94.0,75.0,68.0,75.0,68.0,83.0,92.0,91.0,95.0,100.0,100.0,97.0,92.0,90.0,96.0,107.0,109.0,123.0,125.0,131.0,111.0
14,111.0,101.0,89.0,102.0,92.0,78.0,75.0,79.0,96.0,116.0,119.0,108.0,116.0,111.0,107.0,111.0,107.0,116.0,100.0,105.0,111.0,102.0,104.0,107.0
15,111.0,105.0,92.0,94.0,97.0,95.0,90.0,84.0,101.0,113.0,140.0,107.0,117.0,102.0,94.0,73.0,63.0,62.0,65.0,66.0,85.0,61.0,,
16,84.0,96.0,147.0,157.0,150.0,187.0,103.0,83.0,89.0,115.0,119.0,122.0,111.0,115.0,114.0,112.0,132.0,111.0,102.0,112.0,115.0,125.0,131.0,135.0
17,141.0,135.0,142.0,126.0,109.0,112.0,157.0,116.0,94.0,119.0,122.0,153.0,146.0,137.0,130.0,133.0,129.0,126.0,130.0,126.0,166.0,189.0,182.0,177.0
18,141.0,138.0,131.0,134.0,133.0,125.0,114.0,121.0,127.0,135.0,157.0,175.0,167.0,159.0,149.0,142.0,138.0,137.0,145.0,144.0,152.0,135.0,135.0,138.0
19,107.0,,83.0,,78.0,68.0,,60.0,62.0,62.0,,60.0,,55.0,60.0,78.0,,78.0,,80.0,80.0,92.0,,83.0
20,,,,,,,,,,,,,,,,,,,,,,,,
21,,,,,,,,,,,,,86.0,,80.0,82.0,74.0,66.0,68.0,74.0,72.0,80.0,113.0,
22,101.0,96.0,81.0,,78.0,,,,,84.0,85.0,77.0,81.0,,107.0,79.0,83.0,88.0,80.0,101.0,160.0,129.0,70.0,
23,65.0,60.0,,22.0,60.0,,,65.0,60.0,65.0,,65.0,62.0,65.0,68.0,,64.0,66.0,70.0,,,90.0,90.0,80.0
24,80.0,,70.0,46.0,,,58.0,52.0,,57.0,73.0,88.0,89.0,,104.0,101.0,96.0,,97.0,114.0,130.0,135.0,,171.0
25,118.0,104.0,89.0,84.0,,95.0,89.0,88.0,70.0,90.0,94.0,,,138.0,129.0,,119.0,123.0,122.0,127.0,,,,163.0
26,177.0,164.0,163.0,,145.0,141.0,139.0,129.0,125.0,121.0,131.0,,184.0,174.0,169.0,159.0,170.0,,160.0,159.0,,,,177.0
27,164.0,173.0,,186.0,181.0,174.0,181.0,,246.0,234.0,,,189.0,189.0,187.0,186.0,177.0,166.0,163.0,,162.0,,102.0,
28,81.0,,60.0,,,159.0,,,150.0,150.0,77.0,181.0,172.0,171.0,159.0,165.0,,164.0,167.0,,170.0,175.0,163.0,146.0
29,145.0,137.0,133.0,115.0,,178.0,,,,108.0,130.0,,127.0,134.0,131.0,137.0,139.0,,137.0,129.0,,,168.0,161.0
30,161.0,,187.0,257.0,,,83.0,135.0,155.0,,137.0,,146.0,163.0,,,,115.0,103.0,86.0,,123.0,130.0,
31,131.0,170.0,153.0,126.0,,,125.0,117.0,,,145.0,146.0,149.0,,153.0,155.0,146.0,159.0,127.0,135.0,129.0,131.0,131.0,135.0
"
"
September-2023,00:00:00,01:00:00,02:00:00,03:00:00,04:00:00,05:00:00,06:00:00,07:00:00,08:00:00,09:00:00,10:00:00,11:00:00,12:00:00,13:00:00,14:00:00,15:00:00,16:00:00,17:00:00,18:00:00,19:00:00,20:00:00,21:00:00,22:00:00,23:00:00
1,135,143,123,138,135,137,180,148,141,137,138,157.0,152.0,148.0,133,127.0,120.0,117.0,114,122,141,134,125,133.0
2,131,135,135,140,124,129,129,117,123,130,133,,149.0,142.0,156,141.0,123.0,120.0,123,131,151,141,150,174.0
3,150,143,124,141,123,146,151,160,146,147,144,126.0,171.0,139.0,122,120.0,121.0,131.0,133,144,145,126,123,123.0
4,140,150,163,139,131,142,115,127,139,155,131,125.0,111.0,107.0,101,109.0,199.0,184.0,108,115,116,140,107,108.0
5,109,139,114,107,108,104,60,60,64,65,65,83.0,94.0,100.0,96,87.0,92.0,104.0,113,95,85,177,123,
6,97,117,133,123,160,160,123,107,123,134,94,81.0,113.0,104.0,120,128.0,149.0,188.0,155,98,101,112,131,157.0
7,152,142,133,85,58,81,100,80,95,107,112,115.0,166.0,147.0,167,174.0,173.0,147.0,140,66,70,70,70,77.0
8,89,103,107,112,120,109,60,60,60,65,65,66.0,74.0,75.0,110,100.0,84.0,85.0,81,68,201,185,68,65.0
9,65,65,60,34,58,55,55,55,55,60,60,,,,60,60.0,60.0,60.0,60,60,60,60,60,60.0
10,60,60,60,19,60,60,60,60,60,60,60,60.0,60.0,60.0,60,60.0,65.0,65.0,62,65,65,60,60,60.0
11,60,60,60,23,60,62,60,60,62,65,60,60.0,60.0,61.0,61,65.0,61.0,60.0,60,60,65,70,70,70.0
12,75,75,75,69,65,70,68,65,70,60,60,60.0,72.0,71.0,80,67.0,67.0,70.0,64,65,70,87,105,121.0
13,132,115,103,79,70,60,65,65,66,102,96,81.0,116.0,153.0,116,83.0,84.0,79.0,68,81,77,70,98,101.0
14,106,95,114,130,123,103,108,98,98,127,116,127.0,104.0,134.0,124,119.0,123.0,114.0,103,108,92,109,114,147.0
15,119,135,98,95,98,91,92,93,104,60,62,60.0,60.0,60.0,60,60.0,63.0,77.0,66,65,68,70,80,72.0
16,92,114,68,63,65,65,60,60,70,75,84,95.0,65.0,60.0,60,60.0,60.0,58.0,60,60,65,60,60,60.0
17,60,65,62,31,60,60,77,80,60,60,60,60.0,60.0,60.0,60,60.0,60.0,60.0,63,71,69,84,65,64.0
18,60,60,60,77,55,60,60,109,65,66,65,65.0,,81.0,81,77.0,72.0,67.0,65,65,72,109,108,174.0
19,123,110,81,92,101,117,113,111,127,117,81,80.0,80.0,80.0,71,69.0,75.0,74.0,73,70,88,130,128,124.0
20,136,121,113,134,149,125,104,102,107,142,131,129.0,104.0,112.0,170,154.0,133.0,106.0,75,75,86,65,85,91.0
21,109,109,127,110,109,114,129,132,129,119,121,113.0,105.0,99.0,84,,,,117,127,137,109,133,114.0
22,104,121,101,117,110,113,123,119,107,121,113,109.0,82.0,66.0,65,80.0,69.0,106.0,65,86,93,145,160,140.0
23,134,167,143,103,101,105,93,84,88,93,95,98.0,109.0,110.0,73,60.0,60.0,60.0,60,60,78,105,109,114.0
24,145,121,123,121,112,112,112,101,101,139,193,127.0,120.0,113.0,106,84.0,88.0,114.0,57,60,65,70,104,98.0
25,93,93,91,95,86,70,68,66,70,105,120,106.0,,139.0,157,176.0,126.0,114.0,84,109,97,128,126,124.0
26,127,127,140,130,140,117,120,109,113,127,129,123.0,98.0,88.0,109,114.0,117.0,113.0,117,134,152,237,162,151.0
27,139,113,146,156,127,92,98,105,87,105,120,127.0,117.0,117.0,133,136.0,140.0,150.0,160,153,154,135,116,109.0
28,105,92,104,101,123,126,125,123,131,135,107,126.0,147.0,126.0,130,135.0,138.0,142.0,143,139,149,176,153,154.0
29,133,123,116,116,114,117,124,138,124,143,191,183.0,165.0,147.0,146,154.0,152.0,160.0,147,162,155,179,180,161.0
30,143,143,167,203,183,207,183,139,136,179,217,195.0,138.0,121.0,153,124.0,125.0,153.0,165,153,145,145,143,139.0
"
"
October-2023,00:00:00,01:00:00,02:00:00,03:00:00,04:00:00,05:00:00,06:00:00,07:00:00,08:00:00,09:00:00,10:00:00,11:00:00,12:00:00,13:00:00,14:00:00,15:00:00,16:00:00,17:00:00,18:00:00,19:00:00,20:00:00,21:00:00,22:00:00,23:00:00
1,137.0,130.0,125.0,117.0,133.0,155.0,145.0,139.0,147.0,155.0,169.0,153.0,153.0,151.0,169.0,149,123,124,134,133,147,157.0,181.0,159.0
2,157.0,139.0,141.0,149.0,127.0,119.0,142.0,141.0,130.0,152.0,137.0,174.0,165.0,154.0,133.0,117,113,115,111,113,127,252.0,191.0,175.0
3,142.0,146.0,197.0,170.0,225.0,171.0,153.0,151.0,151.0,196.0,171.0,169.0,161.0,150.0,152.0,135,167,157,142,153,157,161.0,168.0,158.0
4,137.0,141.0,147.0,190.0,180.0,169.0,171.0,183.0,217.0,189.0,189.0,187.0,177.0,165.0,164.0,146,161,157,197,154,153,161.0,161.0,216.0
5,194.0,179.0,161.0,150.0,175.0,197.0,205.0,197.0,181.0,203.0,189.0,183.0,190.0,177.0,239.0,155,147,145,137,149,158,193.0,213.0,211.0
6,267.0,240.0,240.0,233.0,243.0,257.0,257.0,273.0,250.0,250.0,250.0,197.0,144.0,133.0,124.0,128,118,119,96,97,110,90.0,105.0,344.0
7,365.0,353.0,386.0,369.0,341.0,323.0,340.0,351.0,362.0,319.0,250.0,250.0,250.0,250.0,250.0,250,250,250,60,147,131,280.0,302.0,243.0
8,267.0,220.0,280.0,323.0,312.0,257.0,203.0,182.0,161.0,156.0,130.0,121.0,111.0,111.0,113.0,107,114,117,127,141,149,217.0,207.0,314.0
9,309.0,353.0,362.0,348.0,336.0,320.0,326.0,305.0,250.0,140.0,119.0,151.0,116.0,121.0,164.0,119,124,129,129,157,146,200.0,,
10,,,,,,,,,,,,,,,,172,181,157,147,175,199,248.0,322.0,271.0
11,287.0,,376.0,316.0,304.0,304.0,230.0,253.0,217.0,163.0,167.0,170.0,144.0,100.0,92.0,95,89,105,107,124,164,237.0,193.0,260.0
12,312.0,325.0,349.0,346.0,348.0,346.0,357.0,393.0,401.0,382.0,,250.0,131.0,125.0,127.0,123,133,131,129,153,131,142.0,324.0,319.0
13,328.0,332.0,350.0,405.0,418.0,394.0,,,396.0,413.0,,324.0,105.0,195.0,211.0,141,163,418,428,153,253,,310.0,310.0
14,309.0,312.0,312.0,316.0,,329.0,346.0,339.0,342.0,352.0,332.0,280.0,257.0,172.0,125.0,101,101,105,111,147,210,207.0,309.0,354.0
15,290.0,293.0,293.0,267.0,304.0,308.0,310.0,315.0,323.0,293.0,118.0,146.0,196.0,152.0,123.0,105,104,111,149,109,116,140.0,157.0,157.0
16,183.0,167.0,133.0,193.0,207.0,223.0,257.0,230.0,217.0,253.0,203.0,376.0,137.0,153.0,145.0,178,124,189,86,62,55,60.0,69.0,85.0
17,81.0,65.0,60.0,24.0,55.0,60.0,60.0,60.0,60.0,60.0,60.0,60.0,55.0,55.0,66.0,68,66,61,60,68,88,142.0,181.0,143.0
18,177.0,207.0,169.0,114.0,96.0,77.0,85.0,70.0,89.0,111.0,86.0,58.0,61.0,71.0,76.0,78,75,73,69,81,119,153.0,197.0,115.0
19,129.0,150.0,223.0,193.0,105.0,72.0,60.0,60.0,73.0,94.0,116.0,142.0,90.0,87.0,90.0,92,89,85,74,108,122,144.0,157.0,177.0
20,237.0,303.0,308.0,318.0,322.0,320.0,325.0,320.0,318.0,318.0,306.0,213.0,130.0,113.0,118.0,116,113,107,97,103,137,125.0,143.0,193.0
21,233.0,287.0,293.0,318.0,339.0,355.0,342.0,345.0,,,,315.0,213.0,183.0,163.0,158,152,181,113,102,130,,,
22,319.0,310.0,312.0,328.0,310.0,349.0,362.0,345.0,348.0,354.0,348.0,374.0,384.0,319.0,316.0,230,138,118,122,117,127,217.0,270.0,310.0
23,316.0,310.0,315.0,342.0,332.0,332.0,370.0,376.0,375.0,373.0,328.0,143.0,121.0,97.0,92.0,84,90,92,86,107,160,255.0,412.0,332.0
24,213.0,223.0,293.0,325.0,305.0,287.0,308.0,243.0,302.0,309.0,306.0,302.0,200.0,118.0,101.0,92,98,96,81,81,131,218.0,237.0,306.0
25,305.0,301.0,315.0,350.0,338.0,338.0,331.0,318.0,302.0,293.0,290.0,253.0,207.0,115.0,109.0,104,112,132,115,197,321,309.0,308.0,328.0
26,303.0,273.0,270.0,270.0,250.0,223.0,207.0,260.0,240.0,280.0,253.0,220.0,230.0,129.0,129.0,126,116,118,89,129,168,407.0,319.0,403.0
27,318.0,309.0,307.0,329.0,327.0,329.0,315.0,301.0,321.0,333.0,328.0,302.0,217.0,157.0,131.0,150,148,130,119,129,164,403.0,500.0,378.0
28,411.0,410.0,411.0,420.0,414.0,430.0,405.0,359.0,382.0,373.0,357.0,368.0,318.0,168.0,196.0,192,162,126,140,157,290,375.0,354.0,342.0
29,342.0,352.0,354.0,365.0,358.0,359.0,362.0,332.0,327.0,342.0,,,,374.0,331.0,308,258,223,257,321,396,390.0,342.0,331.0
30,331.0,324.0,328.0,327.0,327.0,332.0,338.0,332.0,329.0,332.0,357.0,341.0,328.0,301.0,217.0,205,180,160,177,289,240,297.0,310.0,324.0
31,324.0,325.0,335.0,345.0,341.0,340.0,352.0,334.0,341.0,342.0,358.0,401.0,365.0,332.0,153.0,171,306,302,301,339,341,336.0,341.0,368.0
"
"
November-2023,00:00:00,01:00:00,02:00:00,03:00:00,04:00:00,05:00:00,06:00:00,07:00:00,08:00:00,09:00:00,10:00:00,11:00:00,12:00:00,13:00:00,14:00:00,15:00:00,16:00:00,17:00:00,18:00:00,19:00:00,20:00:00,21:00:00,22:00:00,23:00:00
1,432,353,353.0,352.0,352.0,354,350.0,358,345.0,332,335.0,320,302.0,207,193,213,200,187.0,130.0,170.0,405.0,369.0,420.0,418
2,359,385,392.0,362.0,351.0,340,380.0,378,405.0,385,414.0,479,467.0,443,433,411,401,391.0,,,,499.0,466.0,452
3,451,449,447.0,473.0,463.0,454,457.0,478,473.0,458,438.0,458,416.0,315,335,243,180,200.0,237.0,253.0,325.0,421.0,500.0,421
4,349,394,414.0,449.0,437.0,433,428.0,433,438.0,470,475.0,482,460.0,426,375,344,336,322.0,322.0,328.0,348.0,436.0,439.0,500
5,450,424,438.0,443.0,420.0,424,428.0,424,430.0,437,444.0,491,468.0,478,448,358,305,302.0,308.0,328.0,428.0,409.0,401.0,402
6,389,418,378.0,398.0,375.0,378,382.0,403,407.0,418,422.0,413,335.0,346,197,195,268,280.0,206.0,228.0,206.0,311.0,335.0,308
7,328,311,308.0,305.0,305.0,325,272.0,281,323.0,316,319.0,345,345.0,343,345,320,331,334.0,,309.0,327.0,327.0,343.0,365
8,348,349,375.0,369.0,390.0,367,365.0,380,390.0,382,399.0,407,346.0,306,305,281,321,,257.0,325.0,423.0,390.0,406.0,421
9,426,443,430.0,428.0,431.0,442,456.0,482,500.0,500,500.0,500,489.0,497,500,446,486,473.0,441.0,426.0,447.0,460.0,469.0,500
10,500,495,494.0,462.0,358.0,273,110.0,61,67.0,84,113.0,104,97.0,113,100,111,107,187.0,122.0,130.0,240.0,250.0,223.0,220
11,240,303,307.0,323.0,287.0,237,193.0,180,167.0,170,110.0,84,86.0,61,75,84,87,87.0,70.0,80.0,123.0,157.0,183.0,233
12,237,277,290.0,277.0,287.0,297,297.0,273,243.0,230,187.0,133,95.0,92,98,102,102,101.0,85.0,84.0,143.0,308.0,341.0,480
13,409,484,500.0,480.0,477.0,457,449.0,457,457.0,450,454.0,407,325.0,314,311,338,348,355.0,362.0,363.0,380.0,432.0,446.0,448
14,446,440,426.0,416.0,413.0,413,399.0,395,395.0,397,409.0,422,395.0,358,348,305,290,315.0,307.0,321.0,348.0,401.0,416.0,414
15,418,424,440.0,500.0,500.0,75,75.0,70,497.0,500,500.0,65,428.0,371,308,287,230,243.0,267.0,316.0,361.0,395.0,426.0,453
16,479,487,500.0,500.0,500.0,500,499.0,500,500.0,500,500.0,500,500.0,500,447,307,311,310.0,303.0,318.0,348.0,403.0,427.0,397
17,401,421,388.0,395.0,411.0,420,414.0,420,425.0,440,446.0,484,431.0,341,250,183,183,130.0,113.0,187.0,310.0,420.0,354.0,382
18,401,374,418.0,386.0,386.0,379,384.0,384,385.0,385,376.0,376,386.0,345,323,273,277,312.0,297.0,327.0,388.0,376.0,356.0,378
19,401,411,401.0,412.0,401.0,383,372.0,383,392.0,388,378.0,413,406.0,339,312,315,311,309.0,308.0,303.0,333.0,395.0,374.0,402
20,443,425,388.0,376.0,376.0,376,392.0,369,355.0,376,404.0,378,362.0,332,309,316,320,307.0,309.0,318.0,411.0,432.0,428.0,439
21,426,435,428.0,408.0,419.0,411,413.0,417,419.0,434,462.0,446,414.0,376,328,309,328,366.0,395.0,413.0,420.0,434.0,462.0,464
22,444,450,457.0,453.0,460.0,485,486.0,460,459.0,459,441.0,429,393.0,356,328,318,311,319.0,344.0,352.0,398.0,437.0,434.0,440
23,434,480,472.0,474.0,477.0,472,460.0,433,424.0,425,456.0,437,425.0,414,411,366,345,371.0,371.0,379.0,426.0,459.0,442.0,457
24,466,500,470.0,474.0,472.0,473,463.0,456,459.0,96,460.0,494,474.0,423,409,448,385,352.0,,,447.0,,,469
25,475,500,,,,477,,497,,500,,500,,474,373,362,333,,301.0,328.0,354.0,416.0,451.0,401
26,417,426,407.0,404.0,401.0,388,372.0,356,380.0,421,430.0,451,457.0,476,407,323,312,358.0,369.0,429.0,429.0,450.0,434.0,454
27,409,414,429.0,419.0,457.0,416,423.0,463,409.0,403,411.0,416,404.0,417,396,384,359,337.0,338.0,358.0,359.0,376.0,371.0,341
28,341,342,341.0,345.0,359.0,366,370.0,368,356.0,341,332.0,341,315.0,310,217,110,58,80.0,80.0,110.0,147.0,237.0,257.0,303
29,328,322,348.0,357.0,362.0,353,315.0,60,60.0,267,307.0,319,321.0,315,307,324,344,348.0,346.0,365.0,375.0,405.0,392.0,378
30,395,395,385.0,380.0,382.0,379,387.0,385,380.0,373,392.0,431,434.0,422,447,413,405,380.0,388.0,409.0,404.0,302.0,293.0,297
"
"
December-2023,00:00:00,01:00:00,02:00:00,03:00:00,04:00:00,05:00:00,06:00:00,07:00:00,08:00:00,09:00:00,10:00:00,11:00:00,12:00:00,13:00:00,14:00:00,15:00:00,16:00:00,17:00:00,18:00:00,19:00:00,20:00:00,21:00:00,22:00:00,23:00:00
1,314,311,312,318,312,305,302,303,314,344,328,348,393.0,390.0,375.0,371,378,372,373,411,405,397,379.0,374
2,362,357,359,339,340,323,320,320,328,318,322,318,307.0,92.0,314.0,273,237,240,187,217,301,384,422.0,345
3,337,410,411,385,375,375,367,361,75,88,375,346,86.0,100.0,200.0,140,114,113,260,315,325,332,362.0,336
4,342,362,372,345,342,341,337,348,356,365,388,388,315.0,112.0,293.0,203,127,177,180,280,328,340,363.0,345
5,344,337,324,333,354,345,338,340,333,354,380,358,318.0,301.0,253.0,170,147,110,157,147,197,293,312.0,333
6,325,339,349,357,370,374,398,401,367,332,352,339,323.0,307.0,213.0,187,150,120,111,200,304,418,390.0,394
7,359,382,352,368,370,373,384,385,386,410,434,459,430.0,40.0,344.0,304,303,280,302,301,327,367,414.0,443
8,453,472,431,453,449,436,436,411,388,365,372,383,376.0,325.0,308.0,230,167,170,163,213,321,423,358.0,363
9,410,379,383,388,384,403,401,385,373,375,388,365,,,,187,170,197,237,290,311,345,447.0,363
10,349,350,357,342,332,351,368,373,372,375,367,357,351.0,335.0,302.0,183,115,120,140,157,302,304,325.0,378
11,382,395,392,378,369,403,407,400,363,348,375,365,325.0,307.0,230.0,197,220,110,147,200,240,342,444.0,424
12,406,401,374,376,387,403,401,392,380,401,446,489,500.0,425.0,361.0,336,335,336,341,409,398,417,398.0,390
13,411,427,432,422,410,397,401,407,426,440,477,463,407.0,382.0,367.0,322,331,273,293,335,386,408,404.0,431
14,460,493,422,383,356,369,411,406,375,375,388,345,325.0,306.0,237.0,193,130,150,223,213,250,306,417.0,388
15,420,388,404,374,362,346,365,409,414,434,456,462,416.0,382.0,322.0,120,113,91,81,150,306,342,,417
16,496,500,459,439,462,441,428,428,459,469,485,466,422.0,414.0,393.0,200,133,93,90,180,349,414,373.0,421
17,417,410,393,397,378,409,396,395,399,414,413,405,371.0,331.0,147.0,207,193,327,351,332,339,358,393.0,446
18,500,432,374,331,307,307,308,329,328,334,337,346,306.0,250.0,217.0,223,200,177,180,253,312,305,320.0,332
19,336,338,344,333,316,318,311,346,348,384,336,335,327.0,302.0,180.0,123,111,100,105,153,267,344,354.0,367
20,352,345,311,297,362,336,365,376,373,354,362,346,328.0,305.0,310.0,293,280,223,270,308,325,429,430.0,404
21,407,393,387,388,398,431,382,388,401,419,435,429,459.0,404.0,370.0,332,323,318,320,335,389,414,452.0,500
22,500,460,455,447,435,433,427,423,414,426,462,443,459.0,426.0,392.0,365,401,407,385,429,490,500,500.0,489
23,486,492,498,480,455,437,426,429,434,449,451,469,487.0,450.0,440.0,427,388,362,348,367,359,399,410.0,411
24,435,446,429,407,402,416,411,426,427,499,500,479,422.0,340.0,358.0,329,320,243,273,312,337,378,404.0,418
25,426,392,378,393,369,362,362,370,358,363,341,376,388.0,385.0,368.0,345,323,303,304,310,332,366,378.0,391
26,382,368,367,366,391,413,374,358,338,319,315,332,341.0,365.0,439.0,460,425,290,293,322,334,379,407.0,429
27,453,85,340,375,331,78,319,315,311,310,305,303,310.0,337.0,375.0,450,443,433,422,413,392,398,391.0,353
28,318,290,309,321,301,253,253,297,270,240,233,230,253.0,,314.0,328,333,346,332,332,334,338,320.0,312
29,315,312,309,311,312,302,273,297,277,301,303,304,325.0,348.0,387.0,457,463,442,426,417,417,423,429.0,421
30,405,404,374,349,345,341,339,327,318,312,304,322,311.0,318.0,345.0,365,365,383,372,362,361,362,362.0,351
31,344,352,350,340,325,320,309,301,290,267,237,207,180.0,270.0,305.0,324,346,391,365,362,333,345,334.0,316
"
"
